UNIT_ID,QUEUE,HUMAN_LABEL,PROPOSED,TIER,HINT,CUES,own_ground_z,packet_ground_z,n_patch,n_context,hag,nonlast,linearity,planarity,scattering,normal_z,axis_z,extent_z,thickness,top_hag,ctx_linearity,ctx_axis_z,ctx_n,ndvi,in_footprint,edge_m,footprint_area,BASE_CLASS,TREE_MODEL,BLDG_MODEL
Q1-0001,Q1_TREE_ON_ROOF,BUILDING_ROOF,,REVIEW,,no class has all its cues,1331.77,1332.16,97,880,5.0038,0.2784,0.3544,0.3602,0.2854,0.5872,0.806,1.67,0.3309,5.51,0.2596,0.883,698,-0.1663,True,0.0635,560.5527,6,5,6
Q2-0001,Q2_BLDG_BACKGROUND,BUILDING_ROOF,BUILDING_ROOF,AUTO_CANDIDATE,,inside a surveyed footprint of house size; a thin flat plane; flat to gently sloped; above house-eave height; no vegetation returns; not green,1364.8700000000001,1364.97,160,1377,3.4927,0.0,0.3267,0.6706,0.0027,0.9709,0.2396,0.52,0.0277,5.0196,0.1449,0.2411,1360,-0.2669,True,1.5255,418.2993,6,0,0
Q3-0001,Q3_VEG_BACKGROUND,OTHER_STRUCTURE,,REVIEW,,no class has all its cues,1324.84,1324.98,507,3903,2.3302,0.3609,0.7463,0.2059,0.0478,0.9173,0.2756,1.4,0.1167,3.27,0.8185,0.2593,2113,-0.156,False,1.9329,,5,0,0
Q4-0001,Q4_SHAPE,TREE,,REVIEW,,no class has all its cues,1355.18,1355.83,74,1479,7.4135,0.4595,0.5609,0.3618,0.0773,0.2981,0.95,2.23,0.2183,11.9744,0.8127,0.9862,1474,0.1765,False,99.0,,5,5,0
Q5-0001,Q5_ROOF_CANDIDATE,BUILDING_ROOF,,REVIEW,,no class has all its cues,1331.0839999999998,1332.04,33,455,9.7554,0.9697,0.1149,0.8788,0.0063,1.0,0.0028,0.17,0.0399,10.456,0.3723,0.7325,455,-0.1272,True,3.7629,567.6018,5,5,6
Q6-0001,Q6_RANDOM,BUILDING_ROOF,BUILDING_ROOF,AUTO_CANDIDATE,,inside a surveyed footprint of house size; a thin flat plane; flat to gently sloped; above house-eave height; no vegetation returns; not green,1325.38,1325.47,40,335,3.5575,0.0,0.0122,0.9871,0.0007,0.9488,0.2082,0.59,0.0139,4.16,0.0873,0.2894,335,-0.0698,True,2.928,95.3994,6,0,6
Q1-0002,Q1_TREE_ON_ROOF,BUILDING_ROOF,,REVIEW,,no class has all its cues,1319.92,1320.05,130,2623,3.5371,0.2077,0.6202,0.165,0.2148,0.3962,0.9159,2.76,0.3739,12.8212,0.8014,0.973,2446,-0.013,True,0.2112,156.6653,6,5,6
Q2-0002,Q2_BLDG_BACKGROUND,VEHICLE,,REVIEW,,no class has all its cues,1333.2,1333.55,36,391,2.3278,0.0833,0.4171,0.5432,0.0397,0.5567,0.8012,1.65,0.142,3.892,0.2279,0.574,372,-0.1672,False,99.0,,6,5,0
Q3-0002,Q3_VEG_BACKGROUND,TREE,,REVIEW,,no class has all its cues,1324.34,1324.69,30,514,0.9313,0.0333,0.0314,0.6864,0.2822,0.8942,0.4056,0.98,0.2723,9.25,0.8016,0.9505,480,0.3461,False,10.551,,4,0,0
Q4-0002,Q4_SHAPE,,TREE,AUTO_CANDIDATE,,green (NAIP); canopy returns; points scattered in 3D; tall; outside footprints,1337.93,1339.85,273,2433,10.0891,0.3333,0.9796,0.0032,0.0173,0.0134,0.9989,14.5,0.4915,18.1736,0.8901,0.9949,2433,0.2692,False,9.0695,,5,5,0
Q5-0002,Q5_ROOF_CANDIDATE,BUILDING_ROOF,,REVIEW,,no class has all its cues,1330.95,1331.54,15,310,7.4133,0.4667,0.456,0.506,0.038,0.708,0.6594,1.11,0.0918,9.0582,0.7572,0.8911,310,-0.1154,False,0.1077,,5,0,6
Q6-0002,Q6_RANDOM,GROUND,,REVIEW,GROUND,"at ground height; a thin flat plane; no vegetation returns; outside footprints; a flat plane at ground height is a road, a lawn or bare earth and no cue here separates them (audit 1: 10 of 19 right)",1346.33,1346.38,86,848,0.082,0.0,0.0278,0.9712,0.0009,0.9999,0.0122,0.08,0.0153,0.14,nan,nan,0,-0.336,False,5.6186,,3,0,0
Q1-0003,Q1_TREE_ON_ROOF,,,REVIEW,,no class has all its cues,1360.67,1356.18,114,995,4.3004,0.2018,0.4505,0.2796,0.2699,0.4225,0.9043,1.7,0.3856,5.3,0.3948,0.0911,813,-0.1407,True,22.041,4086.0684,6,5,6
Q2-0003,Q2_BLDG_BACKGROUND,OTHER_STRUCTURE,,REVIEW,,no class has all its cues,1335.77,1335.89,46,313,1.8728,0.1739,0.8445,0.0964,0.0591,0.277,0.9608,3.15,0.3079,3.25,0.2489,0.5851,162,-0.0862,True,0.2962,38.4359,6,0,0
Q3-0003,Q3_VEG_BACKGROUND,,,REVIEW,,no class has all its cues,1356.92,1357.12,246,4044,2.799,0.0325,0.1653,0.5762,0.2585,0.8735,0.4837,1.86,0.2813,13.3814,0.9035,0.9762,4042,0.3317,False,0.5754,,5,0,0
Q4-0003,Q4_SHAPE,,,REVIEW,,no class has all its cues,1330.55,1330.76,409,3036,3.2632,0.1491,0.9573,0.0241,0.0186,0.1127,0.9923,5.89,0.3359,6.03,0.7521,0.8829,1989,-0.146,True,0.1042,592.83,5,5,0
Q5-0003,Q5_ROOF_CANDIDATE,,,REVIEW,,no class has all its cues,1330.73,1330.81,45,1561,7.2553,0.6,0.9,0.0933,0.0067,0.8729,0.4877,0.9,0.0385,8.108,0.6005,0.869,1021,0.013,False,0.2829,,6,0,6
Q6-0003,Q6_RANDOM,,,REVIEW,,no class has all its cues,1346.5,1347.09,91,803,0.629,0.0,0.0405,0.9586,0.0009,0.9979,0.0477,0.16,0.0151,0.81,0.0107,0.0692,803,-0.1171,False,12.0709,,3,0,0
Q1-0004,Q1_TREE_ON_ROOF,,,REVIEW,,no class has all its cues,1343.46,1345.67,158,1753,8.6262,0.4241,0.8088,0.0445,0.1467,0.108,0.9934,4.44,0.459,13.4196,0.7298,0.9522,1753,0.0558,True,1.3736,215.3235,6,5,0
Q2-0004,Q2_BLDG_BACKGROUND,,,REVIEW,GROUND,"at ground height; a thin flat plane; no vegetation returns; outside footprints; a flat plane at ground height is a road, a lawn or bare earth and no cue here separates them (audit 1: 10 of 19 right)",1321.99,1322.15,17,369,0.1753,0.0,0.6677,0.3285,0.0038,0.999,0.0246,0.13,0.0277,3.0,0.6184,0.0313,183,-0.0192,False,0.2219,,6,0,0
Q3-0004,Q3_VEG_BACKGROUND,,,REVIEW,,no class has all its cues,1326.78,1327.23,40,356,1.5512,0.025,0.1852,0.7419,0.073,0.9558,0.1793,1.23,0.1478,3.36,0.0465,0.188,353,0.1293,False,2.9366,,4,0,0
Q4-0004,Q4_SHAPE,,,REVIEW,,no class has all its cues,1345.59,1346.47,321,4367,8.9308,0.6075,0.6488,0.0913,0.2599,0.1971,0.9695,3.11,0.4395,13.2068,0.7732,0.942,4367,0.1729,False,10.252,,5,5,0
Q5-0004,Q5_ROOF_CANDIDATE,,,REVIEW,,no class has all its cues,1339.66,1342.78,62,1009,9.5416,0.371,0.4657,0.5273,0.007,0.8958,0.0354,0.63,0.0413,10.5384,0.7861,0.943,1009,0.1273,True,0.0253,436.6439,6,0,6
Q6-0004,Q6_RANDOM,,,REVIEW,,no class has all its cues,1336.31,1336.62,27,439,12.9211,0.4444,0.7367,0.1493,0.114,0.547,0.7933,1.91,0.2516,13.9268,0.8745,0.9852,420,-0.0396,True,0.4658,1097.3342,5,5,0
Q1-0005,Q1_TREE_ON_ROOF,,,REVIEW,,no class has all its cues,1335.48,1335.67,36,356,3.9358,0.25,0.249,0.2189,0.5321,0.9487,0.1971,1.03,0.3771,4.459,0.5687,0.0134,216,-0.1745,False,0.119,,6,5,6
Q2-0005,Q2_BLDG_BACKGROUND,BUILDING_ROOF,BUILDING_ROOF,AUTO_CANDIDATE,,inside a surveyed footprint of house size; a thin flat plane; flat to gently sloped; above house-eave height; no vegetation returns; not green,1322.48,1322.52,95,869,7.3431,0.0,0.0471,0.9525,0.0004,0.9996,0.005,0.08,0.0098,7.42,0.0226,0.0135,869,-0.0141,True,3.9397,818.8456,6,0,0
Q3-0005,Q3_VEG_BACKGROUND,,,REVIEW,,no class has all its cues,1320.94,1321.0,144,1667,2.4317,0.1944,0.2282,0.6628,0.109,0.9277,0.3698,1.12,0.1864,4.0168,0.0882,0.0917,1124,0.1068,False,1.7025,,5,0,0
Q4-0005,Q4_SHAPE,,,REVIEW,POLE,the surroundings are one vertical line; tall; outside footprints; not green; a bare trunk cannot be told from a pole or wire in leaf-off imagery,1343.44,1344.07,210,2050,15.3798,0.8381,0.9885,0.0025,0.0089,0.0217,0.9995,15.74,0.4573,19.88,0.9393,0.9999,1901,0.1076,False,0.3505,,5,5,0
Q5-0005,Q5_ROOF_CANDIDATE,,,REVIEW,,no class has all its cues,1331.88,1332.12,21,416,7.3867,0.2381,0.1431,0.737,0.1198,0.3787,0.7464,1.85,0.1887,8.487,0.6884,0.8822,406,-0.2115,True,0.4291,171.0961,6,0,6
Q6-0005,Q6_RANDOM,,,REVIEW,,no class has all its cues,1328.23,1329.37,36,319,1.54,0.0833,0.6241,0.2508,0.1251,0.5881,0.7466,1.49,0.2525,4.9976,0.1862,0.3623,319,-0.2291,False,3.2798,,3,0,0
Q1-0006,Q1_TREE_ON_ROOF,,,REVIEW,,no class has all its cues,1332.54,1332.97,37,419,3.5203,0.4324,0.1642,0.7946,0.0413,0.9601,0.2774,0.63,0.1117,3.77,0.0846,0.1435,419,-0.165,False,7.2242,,6,5,0
Q2-0006,Q2_BLDG_BACKGROUND,,,REVIEW,,no class has all its cues,1325.94,1320.36,95,887,1.7514,0.0,0.074,0.9247,0.0014,0.982,0.0565,0.33,0.0186,1.88,0.0134,0.0139,887,-0.0601,True,11.4166,2157.2419,6,0,0
Q3-0006,Q3_VEG_BACKGROUND,,,REVIEW,,only 11 points in the patch,1332.54,1333.1,11,384,2.1127,0.7273,0.9655,0.0323,0.0022,0.9993,0.0067,0.12,0.0302,3.7534,0.3392,0.7151,384,0.0078,False,9.6931,,4,0,0
Q4-0006,Q4_SHAPE,,,REVIEW,,no class has all its cues,1326.55,1326.69,1052,5825,4.9281,0.4278,0.7099,0.0555,0.2347,0.1509,0.9884,3.88,0.447,6.22,0.3329,0.7867,5169,0.1792,False,7.2031,,5,5,0
Q5-0006,Q5_ROOF_CANDIDATE,,,REVIEW,,only 1 points in the patch,1331.1470000000002,1331.11,1,402,8.433,1.0,nan,nan,nan,nan,nan,nan,nan,9.963,0.7192,0.8308,248,-0.0926,False,0.3761,,5,5,0
Q6-0006,Q6_RANDOM,,,REVIEW,,no class has all its cues,1322.45,1322.69,19,372,2.4737,0.5789,0.6803,0.3166,0.0031,0.997,0.0222,0.16,0.0269,5.9848,0.728,0.7348,193,0.2463,False,0.3681,,6,0,6
Q1-0007,Q1_TREE_ON_ROOF,,,REVIEW,,no class has all its cues,1327.56,1327.82,153,1660,4.6235,0.3595,0.8747,0.013,0.1124,0.1092,0.9932,4.14,0.4792,9.7064,0.595,0.9417,1548,-0.0168,True,1.4346,167.953,6,5,0
Q2-0007,Q2_BLDG_BACKGROUND,,,REVIEW,,no class has all its cues,1330.57,1330.62,561,3525,3.8783,0.3066,0.958,0.0224,0.0196,0.1057,0.9943,6.15,0.339,6.6352,0.6157,0.6287,2334,-0.1867,True,0.1537,444.4534,6,0,0
Q3-0007,Q3_VEG_BACKGROUND,,,REVIEW,,no class has all its cues,1347.6100000000001,1348.28,14,851,12.5329,1.0,0.9235,0.0388,0.0377,0.0577,0.9983,7.01,0.4421,11.65,0.7221,0.9988,851,-0.1352,False,99.0,,5,0,0
Q4-0007,Q4_SHAPE,,,REVIEW,,only 8 points in the patch,1333.57,1334.06,8,337,6.66,1.0,0.9748,0.021,0.0042,0.9977,0.0161,0.14,0.0411,6.6628,0.4667,0.8905,259,-0.322,False,3.7423,,5,5,0
Q5-0007,Q5_ROOF_CANDIDATE,,,REVIEW,,no class has all its cues,1330.614,1332.25,36,367,11.4316,0.3889,0.7537,0.1392,0.1071,0.4907,0.8703,1.86,0.2915,12.226,0.8785,0.9598,367,-0.0895,True,2.3274,567.6018,6,0,6
Q6-0007,Q6_RANDOM,,,REVIEW,,only 1 points in the patch,1367.46,1367.86,1,458,10.17,1.0,nan,nan,nan,nan,nan,nan,nan,11.52,0.8446,0.9749,457,0.094,False,2.9142,,5,5,0
Q1-0008,Q1_TREE_ON_ROOF,,,REVIEW,,no class has all its cues,1330.59,1330.82,124,2427,4.7163,0.0484,0.3733,0.0602,0.5665,0.1934,0.7534,3.05,0.4436,12.86,0.8195,0.9807,2280,-0.0436,True,0.3011,184.3124,6,5,6
Q2-0008,Q2_BLDG_BACKGROUND,,,REVIEW,,no class has all its cues,1331.96,1331.99,29,362,0.261,0.0345,0.3922,0.4392,0.1685,0.8929,0.4262,1.43,0.2291,6.15,0.5206,0.9102,229,-0.2274,False,0.5294,,6,0,0
Q3-0008,Q3_VEG_BACKGROUND,,,REVIEW,,no class has all its cues,1359.71,1360.21,104,1978,2.0334,0.125,0.5033,0.2161,0.2806,0.3346,0.6618,2.92,0.3414,8.2546,0.6389,0.883,1830,0.4093,False,6.205,,4,0,0
Q4-0008,Q4_SHAPE,,,REVIEW,,no class has all its cues,1319.98,1320.06,78,1409,3.3437,0.5513,0.5616,0.4353,0.0031,0.9068,0.0234,0.45,0.0291,4.0,0.4345,0.4262,877,0.0513,True,0.036,173.0532,5,5,6
Q5-0008,Q5_ROOF_CANDIDATE,,,REVIEW,,no class has all its cues,1331.84,1332.95,42,511,9.8207,0.9048,0.3786,0.3385,0.2829,0.8368,0.5353,1.18,0.3242,10.708,0.4849,0.866,511,-0.1294,,,,5,5,6
Q6-0008,Q6_RANDOM,VEHICLE,,REVIEW,GROUND,"at ground height; a thin flat plane; no vegetation returns; outside footprints; a flat plane at ground height is a road, a lawn or bare earth and no cue here separates them (audit 1: 10 of 19 right)",1331.13,1331.28,39,311,0.1826,0.0,0.2367,0.7625,0.0008,0.9983,0.0078,0.11,0.0151,0.34,0.9129,0.0029,40,-0.0924,False,5.2461,,3,0,0
Q1-0009,Q1_TREE_ON_ROOF,,,REVIEW,,no class has all its cues,1331.43,1331.67,145,1626,5.2253,0.269,0.9143,0.0125,0.0731,0.1917,0.978,4.12,0.4219,9.97,0.6778,0.982,1554,-0.0164,True,1.0688,369.449,6,5,6
Q2-0009,Q2_BLDG_BACKGROUND,,,REVIEW,,no class has all its cues,1356.64,1356.87,104,2641,0.7036,0.0,0.5492,0.4237,0.0271,0.7837,0.0993,0.69,0.0803,4.57,0.2951,0.6869,2188,-0.1468,True,0.3775,97.5514,6,0,0
Q3-0009,Q3_VEG_BACKGROUND,,,REVIEW,,no class has all its cues,1351.21,1353.12,601,5033,4.3773,0.0017,0.3717,0.6083,0.02,0.8543,0.0054,1.81,0.0707,12.05,0.5708,0.9577,4985,-0.0464,False,7.7527,,5,0,0
Q4-0009,Q4_SHAPE,,TREE,AUTO_CANDIDATE,,green (NAIP); canopy returns; points scattered in 3D; tall; outside footprints,1355.74,1360.04,516,6375,10.0189,0.7539,0.4527,0.2895,0.2578,0.4474,0.8261,2.33,0.343,11.79,0.5938,0.9707,6375,0.3152,False,99.0,,5,5,0
Q5-0009,Q5_ROOF_CANDIDATE,,,REVIEW,,no class has all its cues,1330.1200000000001,1330.82,80,1663,5.934,0.4875,0.6767,0.1996,0.1237,0.2708,0.9576,2.0,0.2242,7.86,0.6981,0.9349,1663,-0.0131,False,0.1445,,6,5,6
Q6-0009,Q6_RANDOM,,,REVIEW,GROUND,"at ground height; a thin flat plane; no vegetation returns; outside footprints; a flat plane at ground height is a road, a lawn or bare earth and no cue here separates them (audit 1: 10 of 19 right)",1326.29,1326.28,39,339,0.0608,0.0,0.1452,0.8531,0.0017,0.9998,0.0153,0.11,0.0206,0.6608,0.9776,0.025,7,-0.2396,False,3.0559,,3,0,0
Q1-0010,Q1_TREE_ON_ROOF,,,REVIEW,,no class has all its cues,1347.595,1348.93,41,450,7.0104,0.2195,0.8672,0.0487,0.0842,0.2809,0.9594,4.05,0.3734,8.6252,0.6755,0.9348,450,-0.1142,True,0.3593,325.5994,6,5,0
Q2-0010,Q2_BLDG_BACKGROUND,,BUILDING_ROOF,AUTO_CANDIDATE,,inside a surveyed footprint of house size; a thin flat plane; flat to gently sloped; above house-eave height; no vegetation returns; not green,1355.3700000000001,1355.94,94,918,4.2556,0.0,0.1876,0.7867,0.0256,0.9928,0.0334,0.52,0.0833,8.04,0.346,0.2707,782,-0.2992,True,0.9087,4086.0684,6,5,0
Q3-0010,Q3_VEG_BACKGROUND,,,REVIEW,,no class has all its cues,1335.24,1335.46,488,5346,0.4081,0.0594,0.1303,0.0554,0.8143,0.5787,0.8029,2.94,0.4883,7.04,0.3303,0.9154,3130,-0.0635,False,2.3355,,4,0,0
Q4-0010,Q4_SHAPE,,,REVIEW,,no class has all its cues,1321.1000000000001,1321.19,661,4685,5.304,0.1483,0.546,0.131,0.323,0.2677,0.1988,2.75,0.3164,11.9232,0.2268,0.8741,3791,0.1685,False,7.2376,,5,5,0
Q5-0010,Q5_ROOF_CANDIDATE,BUILDING_ROOF,,REVIEW,,no class has all its cues,1330.28,1330.46,17,370,5.9071,0.3529,0.7187,0.279,0.0023,0.9999,0.0121,0.13,0.0243,5.94,0.4862,0.9281,206,-0.1123,False,0.041,,6,0,6
Q6-0010,Q6_RANDOM,,,REVIEW,,no class has all its cues,1336.04,1336.59,21,586,14.8233,0.8571,0.5418,0.2746,0.1835,0.6975,0.4984,1.86,0.2444,15.696,0.8961,0.9803,586,0.3726,False,8.6609,,5,5,0
Q1-0011,Q1_TREE_ON_ROOF,,,REVIEW,,no class has all its cues,1330.71,1330.89,248,2453,5.2907,0.1976,0.6479,0.1694,0.1828,0.4537,0.8889,2.23,0.3751,5.87,0.2208,0.0317,1803,-0.041,True,1.216,592.83,6,5,0
Q2-0011,Q2_BLDG_BACKGROUND,BUILDING_ROOF,BUILDING_ROOF,AUTO_CANDIDATE,,inside a surveyed footprint of house size; a thin flat plane; flat to gently sloped; above house-eave height; no vegetation returns; not green,1319.94,1320.13,97,879,3.3424,0.0,0.1112,0.8852,0.0036,0.9922,0.0353,0.3,0.0313,4.24,0.015,0.1148,879,-0.2229,True,2.9051,215.3633,6,0,0
Q3-0011,Q3_VEG_BACKGROUND,,,REVIEW,,no class has all its cues,1355.43,1357.26,83,882,4.5836,0.0602,0.7656,0.0346,0.1998,0.3437,0.9386,3.17,0.4311,9.23,0.5308,0.7864,882,-0.1743,True,0.3548,4086.0684,5,0,0
Q4-0011,Q4_SHAPE,,,REVIEW,,no class has all its cues,1346.07,1346.11,569,5210,9.7845,0.7663,0.9563,0.0123,0.0313,0.078,0.9967,8.97,0.4268,13.91,0.6786,0.9402,4712,0.1628,False,5.0976,,5,5,0
Q5-0011,Q5_ROOF_CANDIDATE,,,REVIEW,,only 1 points in the patch,1346.1200000000001,1345.97,1,1659,11.53,1.0,nan,nan,nan,nan,nan,nan,nan,11.4068,0.8502,0.967,541,0.0186,,,,5,5,0
Q6-0011,Q6_RANDOM,,,REVIEW,,only 11 points in the patch,1331.6200000000001,1331.72,11,295,6.9927,0.6364,0.8276,0.1646,0.0078,0.9535,0.278,0.5,0.0409,7.19,0.6633,0.9394,157,-0.1951,,,,6,0,6
Q1-0012,Q1_TREE_ON_ROOF,,,REVIEW,,no class has all its cues,1352.67,1352.89,41,394,5.101,0.122,0.6722,0.243,0.0848,0.3765,0.9202,2.51,0.263,12.3098,0.7493,0.9172,393,-0.1902,True,1.4247,393.1732,6,5,6
Q2-0012,Q2_BLDG_BACKGROUND,,,REVIEW,,no class has all its cues,1329.94,1330.35,25,380,0.43,0.0,0.5831,0.4154,0.0016,0.9929,0.0633,0.21,0.0216,8.5242,0.7651,0.9224,357,0.2219,True,0.6185,8446.3789,6,0,0
Q3-0012,Q3_VEG_BACKGROUND,,,REVIEW,,no class has all its cues,1346.76,1347.28,79,978,2.2653,0.3544,0.1512,0.8118,0.0371,0.9627,0.2699,0.72,0.098,5.6346,0.3592,0.5959,905,-0.2928,False,2.8479,,4,0,0
Q4-0012,Q4_SHAPE,,,REVIEW,,no class has all its cues,1351.1100000000001,1351.27,139,3304,1.8052,0.9856,0.7011,0.125,0.1738,0.9373,0.2496,1.34,0.1284,2.2994,0.6036,0.5029,395,0.2354,False,7.4873,,4,0,0
Q5-0012,Q5_ROOF_CANDIDATE,,,REVIEW,,no class has all its cues,1332.34,1333.1,37,1020,5.9043,0.5405,0.5382,0.3825,0.0793,0.7004,0.3723,1.99,0.1542,6.7462,0.5974,0.8569,1020,-0.282,True,0.1133,363.1227,6,0,6
Q6-0012,Q6_RANDOM,,,REVIEW,,no class has all its cues,1332.43,1332.83,30,322,5.26,0.1,0.6378,0.2513,0.111,0.5251,0.8446,1.99,0.2585,7.099,0.4752,0.7198,321,-0.191,True,1.9599,228.6918,6,0,6
Q1-0013,Q1_TREE_ON_ROOF,,,REVIEW,,no class has all its cues,1320.2,1320.26,159,1579,2.8959,0.1509,0.6638,0.1251,0.2112,0.4412,0.8899,2.29,0.3696,6.44,0.4521,0.6557,1432,-0.2658,False,5.5054,,6,5,6
Q2-0013,Q2_BLDG_BACKGROUND,,,REVIEW,,no class has all its cues,1363.3,1363.87,69,985,1.661,0.058,0.5676,0.1867,0.2457,0.7096,0.512,1.32,0.2714,4.8632,0.3466,0.6931,985,-0.2579,False,0.1286,,6,0,0
Q3-0013,Q3_VEG_BACKGROUND,,,REVIEW,,no class has all its cues,1330.4,1330.51,106,1444,6.3059,0.1981,0.3318,0.6539,0.0143,0.8864,0.2672,0.73,0.0631,8.11,0.547,0.8098,798,-0.1114,,,,5,0,6
Q4-0013,Q4_SHAPE,,,REVIEW,,no class has all its cues,1347.46,1348.85,116,1112,6.7307,0.2586,0.748,0.1474,0.1047,0.391,0.9203,3.67,0.3291,7.6656,0.6075,0.9821,1053,0.0808,False,99.0,,5,5,0
Q5-0013,Q5_ROOF_CANDIDATE,,,REVIEW,,no class has all its cues,1330.55,1330.87,83,1869,7.2099,0.3012,0.6097,0.3268,0.0636,0.779,0.0943,1.18,0.1338,8.31,0.6665,0.8739,1862,-0.1881,True,0.7148,184.3124,6,0,6
Q6-0013,Q6_RANDOM,,,REVIEW,,no class has all its cues,1367.84,1368.47,33,307,0.6655,0.0,0.1162,0.8819,0.0019,0.9986,0.0064,0.15,0.022,3.8076,0.1887,0.3868,307,0.4068,False,1.5504,,2,0,0
Q1-0014,Q1_TREE_ON_ROOF,,,REVIEW,,no class has all its cues,1323.6100000000001,1323.93,58,488,4.5303,0.4483,0.7657,0.0637,0.1706,0.2763,0.9598,2.92,0.4061,7.0678,0.3796,0.8815,468,0.012,False,0.2742,,6,5,6
Q2-0014,Q2_BLDG_BACKGROUND,,,REVIEW,,no class has all its cues,1349.41,1350.54,584,3462,4.6012,0.0171,0.8492,0.0262,0.1247,0.1241,0.9513,4.26,0.3287,5.98,0.8349,0.7755,3462,-0.0802,True,0.7689,240.8544,6,0,0
Q3-0014,Q3_VEG_BACKGROUND,,,REVIEW,,no class has all its cues,1356.25,1359.0,166,1441,3.643,0.3133,0.636,0.0865,0.2775,0.2751,0.9614,2.9,0.4328,17.014,0.7076,0.9561,1441,0.0425,False,99.0,,4,0,0
Q4-0014,Q4_SHAPE,,,REVIEW,,no class has all its cues,1351.22,1352.58,623,5504,5.7927,0.6613,0.9547,0.013,0.0324,0.0804,0.9958,7.5,0.4077,12.1194,0.7379,0.9659,5025,-0.0953,False,8.1207,,5,5,0
Q5-0014,Q5_ROOF_CANDIDATE,,,REVIEW,,only 10 points in the patch,1332.98,1333.33,10,323,8.196,0.5,0.7422,0.1187,0.1391,0.2186,0.948,1.91,0.2113,8.6504,0.8474,0.9408,290,-0.1975,False,0.0526,,6,5,6
Q6-0014,Q6_RANDOM,,,REVIEW,,no class has all its cues,1332.03,1332.37,95,793,0.3728,0.0,0.0661,0.9257,0.0082,0.932,0.3617,0.72,0.048,2.0416,0.5484,0.0844,474,0.0745,True,2.6959,790.3058,3,0,0
Q1-0015,Q1_TREE_ON_ROOF,,,REVIEW,,no class has all its cues,1333.54,1334.37,106,2203,4.9328,0.2642,0.8387,0.0844,0.077,0.2088,0.9716,4.03,0.3762,11.71,0.7181,0.9921,2128,0.0047,True,0.9753,1341.0573,6,5,6
Q2-0015,Q2_BLDG_BACKGROUND,,,REVIEW,,no class has all its cues,1351.24,1353.21,142,1408,5.6418,0.0634,0.8568,0.0508,0.0924,0.2614,0.9632,4.0,0.3986,8.3972,0.5623,0.7861,1320,-0.2871,True,0.53,119.4858,6,0,0
Q3-0015,Q3_VEG_BACKGROUND,,,REVIEW,WIRE,the surroundings are one horizontal line; high; clear of footprints; not green; a bare trunk cannot be told from a pole or wire in leaf-off imagery,1324.55,1324.54,13,349,5.45,1.0,0.9188,0.0778,0.0034,0.9996,0.0081,0.12,0.0303,5.48,0.9905,0.0263,32,-0.1246,False,99.0,,5,0,0
Q4-0015,Q4_SHAPE,,,REVIEW,,no class has all its cues,1330.7,1330.9,178,2173,5.0851,0.1236,0.5529,0.4167,0.0304,0.3404,0.9279,2.41,0.145,5.87,0.529,0.0034,1275,-0.1312,True,0.3477,592.83,5,5,0
Q5-0015,Q5_ROOF_CANDIDATE,,,REVIEW,,no class has all its cues,1332.88,1332.77,33,514,8.6188,1.0,0.2572,0.6609,0.0819,0.9838,0.0866,0.81,0.1591,9.2974,0.7807,0.9386,508,-0.0635,True,2.4562,567.6018,5,5,6
Q6-0015,Q6_RANDOM,,,REVIEW,GROUND,"at ground height; a thin flat plane; no vegetation returns; outside footprints; a flat plane at ground height is a road, a lawn or bare earth and no cue here separates them (audit 1: 10 of 19 right)",1320.66,1320.75,40,340,0.176,0.0,0.1949,0.8015,0.0036,0.9985,0.0158,0.14,0.0314,2.13,0.8002,0.5495,22,-0.0867,False,4.2529,,3,0,0
Q1-0016,Q1_TREE_ON_ROOF,,,REVIEW,,no class has all its cues,1323.1200000000001,1323.26,27,437,3.1633,0.3704,0.3273,0.6469,0.0258,0.7388,0.54,1.52,0.0868,4.43,0.4142,0.4957,298,-0.1411,True,0.0742,115.5774,6,5,6
Q2-0016,Q2_BLDG_BACKGROUND,,,REVIEW,,no class has all its cues,1326.0,1326.21,52,448,4.4502,0.3846,0.8302,0.1208,0.0489,0.273,0.9615,3.71,0.2669,10.4818,0.6303,0.9363,383,-0.0902,True,0.9271,172.1927,6,5,0
Q3-0016,Q3_VEG_BACKGROUND,,,REVIEW,,no class has all its cues,1352.34,1352.83,93,1028,1.8715,0.086,0.3608,0.4609,0.1783,0.8156,0.5725,1.75,0.2639,14.8346,0.9209,0.9796,995,0.225,False,11.4586,,4,0,0
Q4-0016,Q4_SHAPE,,,REVIEW,,no class has all its cues,1349.84,1350.16,506,4620,7.96,0.7036,0.6202,0.2519,0.1278,0.0404,0.972,3.64,0.2854,11.39,0.7483,0.9944,4488,0.1156,False,99.0,,5,5,0
Q5-0016,Q5_ROOF_CANDIDATE,,,REVIEW,,only 1 points in the patch,1329.64,1330.33,1,375,5.9,1.0,nan,nan,nan,nan,nan,nan,nan,6.4652,0.6635,0.8637,375,0.1878,,,,6,5,6
Q6-0016,Q6_RANDOM,,,REVIEW,,no class has all its cues,1352.15,1352.81,23,397,14.6939,0.3043,0.5668,0.3362,0.097,0.4304,0.8916,1.86,0.2297,16.9848,0.9169,0.9741,397,0.3197,False,99.0,,5,5,0
Q1-0017,Q1_TREE_ON_ROOF,,,REVIEW,,no class has all its cues,1325.77,1325.84,30,337,3.6927,0.4,0.8973,0.0378,0.0649,0.3273,0.9445,2.42,0.2821,5.48,0.6495,0.6773,214,-0.2627,True,0.0102,586.6122,6,5,6
Q2-0017,Q2_BLDG_BACKGROUND,,,REVIEW,,no class has all its cues,1337.15,1337.25,43,469,1.1302,0.2093,0.828,0.0935,0.0785,0.193,0.981,3.06,0.354,5.7128,0.2087,0.6096,381,-0.039,False,0.9638,,6,0,0
Q3-0017,Q3_VEG_BACKGROUND,,,REVIEW,,no class has all its cues,1348.31,1348.71,82,1110,2.7274,0.2439,0.3141,0.6295,0.0564,0.7107,0.6901,1.84,0.1528,9.8146,0.6975,0.9624,1110,0.1364,False,3.343,,5,0,0
Q4-0017,Q4_SHAPE,,TREE,AUTO_CANDIDATE,,green (NAIP); canopy returns; points scattered in 3D; tall; outside footprints,1349.73,1350.79,348,4080,11.7718,0.7241,0.9242,0.0273,0.0484,0.1444,0.9888,5.95,0.3572,16.53,0.874,0.9961,4080,0.3121,False,13.2726,,5,5,0
Q5-0017,Q5_ROOF_CANDIDATE,,,REVIEW,,no class has all its cues,1332.97,1333.28,17,364,5.8741,0.4706,0.8824,0.0673,0.0503,0.5061,0.7799,1.96,0.1825,7.5148,0.5904,0.8672,345,-0.2237,True,0.4074,166.1498,6,0,6
Q6-0017,Q6_RANDOM,,BUILDING_ROOF,AUTO_CANDIDATE,,inside a surveyed footprint of house size; a thin flat plane; flat to gently sloped; above house-eave height; no vegetation returns; not green,1332.49,1332.83,40,367,5.023,0.0,0.2524,0.7302,0.0174,0.948,0.2862,0.67,0.0708,5.81,0.484,0.7086,363,-0.3185,True,1.123,490.3838,6,0,6
Q1-0018,Q1_TREE_ON_ROOF,,,REVIEW,,no class has all its cues,1351.19,1351.38,195,2730,3.6217,0.3744,0.6561,0.3401,0.0038,0.9988,0.0043,0.25,0.0342,8.88,0.6835,0.9237,1514,-0.279,True,0.3699,416.2091,6,5,6
Q2-0018,Q2_BLDG_BACKGROUND,,,REVIEW,,no class has all its cues,1330.06,1330.75,420,3528,3.6753,0.4476,0.9327,0.0071,0.0602,0.0634,0.9974,6.46,0.4597,11.47,0.836,0.9847,3528,-0.0889,False,0.0717,,6,5,0
Q3-0018,Q3_VEG_BACKGROUND,,,REVIEW,,no class has all its cues,1350.29,1350.36,389,8074,0.8195,0.1568,0.4024,0.1585,0.439,0.5286,0.7155,1.92,0.4301,10.96,0.8485,0.9611,6962,0.3307,False,99.0,,4,0,0
Q4-0018,Q4_SHAPE,,,REVIEW,,no class has all its cues,1335.52,1336.29,149,2696,6.9605,0.9933,0.4435,0.1155,0.4409,0.7058,0.7069,1.92,0.4084,18.97,0.8572,0.9966,2446,-0.0055,False,9.1986,,5,5,0
Q5-0018,Q5_ROOF_CANDIDATE,,,REVIEW,,no class has all its cues,1332.48,1333.12,13,337,15.0623,0.5385,0.7331,0.2032,0.0637,0.5042,0.8021,1.58,0.2175,15.86,0.9305,0.9817,337,-0.3728,True,0.1536,1913.0718,6,5,6
Q6-0018,Q6_RANDOM,,,REVIEW,,no class has all its cues,1328.47,1329.59,32,751,17.8672,0.9688,0.1973,0.6528,0.1499,0.9445,0.3276,0.91,0.215,18.37,0.9545,0.9979,751,0.0361,False,14.5902,,5,5,0
Q1-0019,Q1_TREE_ON_ROOF,,,REVIEW,,no class has all its cues,1367.52,1367.57,29,503,2.7448,0.4138,0.3757,0.6216,0.0027,0.9684,0.2414,0.43,0.0288,8.3476,0.5061,0.9399,375,-0.0177,True,0.3477,630.5647,6,5,6
Q2-0019,Q2_BLDG_BACKGROUND,,,REVIEW,,no class has all its cues,1334.41,1335.23,60,493,5.625,0.45,0.9834,0.0028,0.0137,0.0141,0.9999,9.35,0.4579,10.1332,0.8493,0.9925,493,-0.0461,False,0.1001,,6,0,0
Q3-0019,Q3_VEG_BACKGROUND,,,REVIEW,,no class has all its cues,1347.818,1348.03,99,1156,4.4276,0.8283,0.5904,0.2358,0.1738,0.5709,0.8203,1.77,0.3217,13.059,0.7928,0.9872,1156,-0.1446,False,0.4992,,5,0,6
Q4-0019,Q4_SHAPE,,,REVIEW,,no class has all its cues,1364.03,1364.45,95,1910,3.2462,1.0,0.2583,0.7311,0.0105,0.9987,0.0267,0.35,0.0544,10.94,0.7685,0.9317,1814,0.0544,False,3.3899,,5,5,0
Q5-0019,Q5_ROOF_CANDIDATE,,,REVIEW,,no class has all its cues,1334.58,1334.79,14,320,8.3679,0.6429,0.7826,0.2097,0.0077,0.8648,0.4852,0.79,0.0456,9.4762,0.9543,0.9579,199,-0.1755,True,0.1552,1080.2198,6,0,0
Q6-0019,Q6_RANDOM,WALL,,REVIEW,GROUND,"at ground height; a thin flat plane; no vegetation returns; outside footprints; a flat plane at ground height is a road, a lawn or bare earth and no cue here separates them (audit 1: 10 of 19 right)",1362.96,1363.26,96,828,0.347,0.0,0.2144,0.7822,0.0035,0.9901,0.0808,0.37,0.0305,1.1646,0.6355,0.028,482,-0.0248,False,99.0,,3,0,0
Q1-0020,Q1_TREE_ON_ROOF,,,REVIEW,,no class has all its cues,1356.51,1356.38,36,424,2.3311,0.3056,0.1546,0.8361,0.0093,0.949,0.3132,0.59,0.0519,4.7216,0.1693,0.0728,319,-0.0277,True,0.625,339.5503,6,5,0
Q2-0020,Q2_BLDG_BACKGROUND,,,REVIEW,,no class has all its cues,1343.32,1344.24,51,1620,1.2,0.0784,0.3073,0.6092,0.0835,0.8329,0.3802,0.95,0.1531,19.0886,0.9538,0.9957,1549,0.0685,False,0.2535,,6,0,0
Q3-0020,Q3_VEG_BACKGROUND,,,REVIEW,,no class has all its cues,1330.54,1330.67,124,2233,1.8036,1.0,0.5574,0.4386,0.004,0.9862,0.059,0.34,0.0341,4.12,0.2238,0.0944,1297,-0.2399,False,1.5796,,4,0,0
Q4-0020,Q4_SHAPE,,,REVIEW,,no class has all its cues,1345.96,1346.08,1457,7325,7.7558,1.0,0.9505,0.008,0.0416,0.0092,0.9994,8.97,0.4569,10.75,0.6569,0.9907,4350,0.1369,False,13.1006,,5,5,0
Q5-0020,Q5_ROOF_CANDIDATE,,,REVIEW,,no class has all its cues,1330.55,1330.62,25,392,10.7116,0.36,0.3526,0.3427,0.3047,0.99,0.1399,1.45,0.27,10.99,0.3861,0.8895,215,-0.1284,False,0.5322,,6,0,6
Q6-0020,Q6_RANDOM,,,REVIEW,,no class has all its cues,1335.83,1336.68,42,311,2.9976,0.119,0.4102,0.3938,0.196,0.7418,0.6562,1.9,0.2859,4.15,0.0486,0.2918,306,0.0142,False,99.0,,5,0,0
Q1-0021,Q1_TREE_ON_ROOF,OTHER_STRUCTURE,,REVIEW,,no class has all its cues,1334.2,1334.33,34,438,2.7194,0.0,0.1411,0.8563,0.0026,0.9984,0.0555,0.17,0.0263,10.0326,0.6969,0.9488,391,-0.2892,True,1.7703,130.5933,6,5,6
Q2-0021,Q2_BLDG_BACKGROUND,,,REVIEW,,no class has all its cues,1346.76,1347.08,152,1217,1.8593,0.4013,0.8705,0.0389,0.0906,0.1348,0.9906,4.41,0.4352,4.5668,0.1326,0.683,1188,-0.0057,False,0.7644,,6,0,0
Q3-0021,Q3_VEG_BACKGROUND,,,REVIEW,,no class has all its cues,1340.07,1342.2,91,1085,4.9811,0.4505,0.9399,0.0115,0.0487,0.0329,0.9987,8.76,0.4629,11.8864,0.6501,0.9728,1085,0.1057,False,9.4514,,5,0,0
Q4-0021,Q4_SHAPE,,,REVIEW,,no class has all its cues,1350.6200000000001,1351.39,373,2530,4.4584,0.5094,0.953,0.0125,0.0345,0.0519,0.9985,7.53,0.4505,12.1794,0.8213,0.9527,2530,0.1153,False,9.559,,5,5,0
Q5-0021,Q5_ROOF_CANDIDATE,,,REVIEW,,no class has all its cues,1343.49,1345.66,52,1117,11.2348,0.4231,0.1173,0.871,0.0117,0.9971,0.0306,0.2,0.044,11.34,0.8598,0.9765,1117,0.1634,,,,5,0,6
Q6-0021,Q6_RANDOM,,,REVIEW,,no class has all its cues,1365.5,1365.85,30,359,0.373,0.0,0.1668,0.8319,0.0013,0.9995,0.0105,0.1,0.0187,5.1,0.6333,0.7902,292,-0.1446,False,99.0,,3,0,0
Q1-0022,Q1_TREE_ON_ROOF,,TREE,AUTO_CANDIDATE,,green (NAIP); canopy returns; points scattered in 3D; tall; outside footprints,1350.64,1350.89,112,1114,2.9989,0.3929,0.3464,0.2598,0.3938,0.5967,0.7942,1.98,0.3808,4.8174,0.606,0.6696,815,0.4452,False,1.1193,,6,5,6
Q2-0022,Q2_BLDG_BACKGROUND,,,REVIEW,,no class has all its cues,1334.94,1335.26,202,2767,5.8916,0.005,0.4817,0.4007,0.1176,0.9949,0.0987,1.89,0.184,11.61,0.5939,0.8421,2736,0.1005,True,0.9473,117.4434,6,0,0
Q3-0022,Q3_VEG_BACKGROUND,,,REVIEW,,no class has all its cues,1350.19,1354.75,106,1093,5.9109,0.1226,0.3474,0.1004,0.5522,0.6684,0.7093,2.53,0.4489,17.24,0.8109,0.9501,1093,0.0326,False,99.0,,4,0,0
Q4-0022,Q4_SHAPE,TREE,TREE,AUTO_CANDIDATE,,green (NAIP); canopy returns; points scattered in 3D; tall; outside footprints,1360.33,1360.75,90,1872,13.4574,0.8778,0.7558,0.1055,0.1386,0.0439,0.9978,3.51,0.4226,16.38,0.9109,0.998,1867,0.2524,False,6.8519,,5,5,0
Q5-0022,Q5_ROOF_CANDIDATE,,,REVIEW,,only 11 points in the patch,1327.34,1328.09,11,438,4.2255,0.9091,0.4082,0.4833,0.1085,0.0877,0.946,1.93,0.1577,4.2,0.1792,0.5427,438,-0.0543,False,0.1469,,6,5,0
Q6-0022,Q6_RANDOM,,BUILDING_ROOF,AUTO_CANDIDATE,,inside a surveyed footprint of house size; a thin flat plane; flat to gently sloped; above house-eave height; no vegetation returns; not green,1334.74,1334.83,30,346,7.6323,0.0,0.1902,0.7969,0.0129,0.922,0.3795,0.88,0.0619,8.283,0.6702,0.8471,342,-0.2367,True,1.8039,199.1719,6,0,6
Q1-0023,Q1_TREE_ON_ROOF,,BUILDING_ROOF,AUTO_CANDIDATE,,inside a surveyed footprint of house size; a thin flat plane; flat to gently sloped; above house-eave height; no vegetation returns; not green,1343.69,1344.45,67,1917,5.4696,0.0,0.1105,0.8863,0.0032,0.8998,0.4321,0.87,0.0297,18.8036,0.9006,0.9996,1917,0.0722,True,0.9093,384.25,6,5,6
Q2-0023,Q2_BLDG_BACKGROUND,,,REVIEW,,no class has all its cues,1329.79,1330.17,231,2139,1.9142,0.2121,0.8529,0.069,0.0782,0.0809,0.9831,3.61,0.3348,5.6624,0.5469,0.8252,1762,-0.1493,False,0.3544,,6,5,0
Q3-0023,Q3_VEG_BACKGROUND,,,REVIEW,,no class has all its cues,1330.54,1330.63,156,1390,6.4089,0.4359,0.673,0.3114,0.0156,0.8516,0.5241,1.66,0.0854,8.3344,0.2598,0.0322,800,0.0892,True,0.2475,165.022,5,0,6
Q4-0023,Q4_SHAPE,,,REVIEW,,no class has all its cues,1345.8500000000001,1347.07,705,7103,10.8876,0.6156,0.7683,0.0803,0.1514,0.2734,0.9593,2.94,0.3822,13.56,0.5529,0.9606,7103,0.1522,False,6.651,,5,5,0
Q5-0023,Q5_ROOF_CANDIDATE,,,REVIEW,,no class has all its cues,1327.84,1328.15,15,391,8.8193,0.7333,0.7281,0.2652,0.0067,0.9439,0.0277,0.28,0.0414,9.71,0.8535,0.9709,302,-0.1182,False,0.04,,6,0,6
Q6-0023,Q6_RANDOM,,,REVIEW,,no class has all its cues,1332.2,1332.3,105,891,1.2017,0.1333,0.4653,0.2834,0.2513,0.4604,0.8814,1.92,0.3707,2.02,0.3678,0.062,540,-0.2213,False,9.7761,,4,0,0
Q1-0024,Q1_TREE_ON_ROOF,,,REVIEW,,no class has all its cues,1352.92,1353.07,21,338,5.7567,0.619,0.6469,0.2231,0.1299,0.2108,0.8417,1.95,0.2442,7.22,0.4036,0.7353,338,-0.1365,True,3.4282,175.2603,6,5,0
Q2-0024,Q2_BLDG_BACKGROUND,,,REVIEW,,no class has all its cues,1325.34,1325.95,29,391,0.6386,0.0,0.5732,0.4248,0.0019,0.9995,0.0296,0.12,0.0242,4.224,0.4283,0.7168,391,-0.0944,False,0.0316,,6,0,0
Q3-0024,Q3_VEG_BACKGROUND,,,REVIEW,,no class has all its cues,1332.8700000000001,1332.86,19,364,1.3274,0.4211,0.3615,0.6369,0.0016,0.9866,0.1076,0.2,0.0175,3.5748,0.3573,0.3976,264,-0.2256,False,0.6706,,4,0,0
Q4-0024,Q4_SHAPE,,,REVIEW,,no class has all its cues,1332.5970000000002,1332.43,46,490,5.5943,0.5435,0.9289,0.0614,0.0098,0.1621,0.9867,5.94,0.1951,10.313,0.7134,0.9378,414,0.4286,False,3.4422,,5,5,0
Q5-0024,Q5_ROOF_CANDIDATE,,,REVIEW,,no class has all its cues,1334.51,1334.67,26,434,13.44,0.3462,0.2009,0.4777,0.3214,0.1029,0.2097,1.57,0.3151,13.9234,0.9025,0.9798,434,-0.1471,True,0.4361,304.1426,6,5,6
Q6-0024,Q6_RANDOM,,,REVIEW,,no class has all its cues,1351.42,1351.92,38,574,5.2363,0.9737,0.3817,0.1336,0.4847,0.6272,0.7785,1.99,0.4139,6.27,0.5576,0.9684,574,0.0638,False,4.8672,,5,5,0
Q1-0025,Q1_TREE_ON_ROOF,,,REVIEW,,no class has all its cues,1329.04,1330.35,182,1609,6.5316,0.0549,0.8637,0.0798,0.0565,0.2295,0.9729,3.61,0.3302,9.15,0.7339,0.8998,1609,-0.2611,,,,6,5,6
Q2-0025,Q2_BLDG_BACKGROUND,,,REVIEW,,no class has all its cues,1364.03,1364.85,218,1765,2.4601,0.3349,0.7893,0.0737,0.1369,0.1508,0.9866,3.85,0.4464,7.05,0.5015,0.8492,1710,-0.0494,False,0.8449,,6,0,0
Q3-0025,Q3_VEG_BACKGROUND,BUILDING_ROOF,BUILDING_ROOF,AUTO_CANDIDATE,,inside a surveyed footprint of house size; a thin flat plane; flat to gently sloped; above house-eave height; no vegetation returns; not green,1352.8600000000001,1352.88,33,389,3.0745,0.0,0.2436,0.7318,0.0246,0.9334,0.2939,0.81,0.0882,8.7692,0.4058,0.8922,313,-0.2963,True,0.095,393.1732,5,0,6
Q4-0025,Q4_SHAPE,,TREE,AUTO_CANDIDATE,,green (NAIP); canopy returns; points scattered in 3D; tall; outside footprints,1364.08,1364.37,176,3062,8.8273,0.8864,0.6074,0.221,0.1716,0.4338,0.8973,2.57,0.3223,13.43,0.8727,0.996,3054,0.3245,False,9.6068,,5,5,0
Q5-0025,Q5_ROOF_CANDIDATE,,,REVIEW,,no class has all its cues,1327.56,1328.59,20,412,6.4655,0.45,0.7763,0.2038,0.0198,0.9609,0.1339,0.42,0.075,6.8378,0.7074,0.8815,412,-0.1641,False,0.258,,6,0,6
Q6-0025,Q6_RANDOM,,,REVIEW,,no class has all its cues,1323.652,1324.04,41,391,3.2492,0.122,0.4902,0.3771,0.1327,0.8058,0.5916,1.93,0.239,4.29,0.391,0.657,391,-0.0173,True,0.7779,147.2656,6,0,6
Q1-0026,Q1_TREE_ON_ROOF,,,REVIEW,,no class has all its cues,1326.38,1326.52,31,883,3.0752,0.0645,0.8364,0.0383,0.1252,0.068,0.9859,3.63,0.4438,19.7536,0.9215,0.991,803,0.0239,True,1.3667,85.4846,6,5,6
Q2-0026,Q2_BLDG_BACKGROUND,,BUILDING_ROOF,AUTO_CANDIDATE,,inside a surveyed footprint of house size; a thin flat plane; flat to gently sloped; above house-eave height; no vegetation returns; not green,1341.19,1343.46,109,1119,8.6703,0.0,0.1571,0.8423,0.0006,0.9993,0.0371,0.11,0.0125,8.75,0.5893,0.851,1119,-0.0324,True,2.3459,413.7391,6,0,0
Q3-0026,Q3_VEG_BACKGROUND,,,REVIEW,,no class has all its cues,1349.79,1354.05,84,3833,4.6867,0.0,0.1882,0.7826,0.0293,0.775,0.6303,1.41,0.099,18.3836,0.8724,0.9945,3833,0.23,False,8.9491,,4,0,0
Q4-0026,Q4_SHAPE,,,REVIEW,,no class has all its cues,1354.88,1355.69,642,5786,2.2959,0.0202,0.55,0.3779,0.0721,0.3417,0.9393,2.73,0.1959,9.009,0.5019,0.8695,5786,0.3463,False,99.0,,4,0,0
Q5-0026,Q5_ROOF_CANDIDATE,,,REVIEW,,no class has all its cues,1333.03,1333.5,24,346,12.8154,0.8333,0.5852,0.3703,0.0445,0.0103,0.9685,1.82,0.1804,15.28,0.9028,0.974,346,-0.394,True,0.4189,1913.0718,5,5,6
Q6-0026,Q6_RANDOM,,,REVIEW,,only 6 points in the patch,1325.96,1325.99,6,583,9.9683,1.0,0.8663,0.1011,0.0326,0.7428,0.2446,0.58,0.0868,12.2672,0.7986,0.9751,321,0.0837,False,5.7064,,5,5,0
Q1-0027,Q1_TREE_ON_ROOF,,,REVIEW,,no class has all its cues,1344.5515,1345.29,14,757,3.8306,0.3571,0.924,0.0693,0.0067,0.7493,0.1554,0.54,0.0484,7.1785,0.7382,0.9049,757,-0.1664,True,0.2905,417.6344,6,5,6
Q2-0027,Q2_BLDG_BACKGROUND,,,REVIEW,,no class has all its cues,1321.16,1321.31,634,2846,0.7448,0.1625,0.7266,0.1728,0.1006,0.1933,0.9323,4.13,0.2706,5.041,0.519,0.9269,1560,-0.007,,,,6,0,0
Q3-0027,Q3_VEG_BACKGROUND,,,REVIEW,,no class has all its cues,1329.88,1330.29,159,1605,3.5403,0.0,0.3296,0.6187,0.0518,0.8983,0.4185,1.05,0.1297,6.85,0.3039,0.6588,1593,-0.1271,False,1.2057,,5,0,6
Q4-0027,Q4_SHAPE,,,REVIEW,,no class has all its cues,1363.44,1363.8,39,978,2.1736,1.0,0.449,0.5366,0.0144,0.0632,0.5586,1.12,0.0691,2.7446,0.7211,0.0156,624,0.1079,False,5.516,,5,5,0
Q5-0027,Q5_ROOF_CANDIDATE,,,REVIEW,,no class has all its cues,1330.34,1330.38,38,337,10.795,0.0789,0.2148,0.4552,0.33,0.7783,0.6269,1.67,0.3206,11.88,0.0693,0.2176,337,-0.3368,True,8.186,8446.3789,6,0,6
Q6-0027,Q6_RANDOM,,,REVIEW,,only 9 points in the patch,1328.21,1329.45,9,733,15.6822,0.5556,0.6773,0.2139,0.1088,0.1653,0.9823,1.95,0.1778,17.68,0.9157,0.9847,733,0.3348,False,99.0,,5,5,0
Q1-0028,Q1_TREE_ON_ROOF,,,REVIEW,,no class has all its cues,1364.8,1364.92,168,1708,3.9673,0.0714,0.5534,0.0171,0.4295,0.4055,0.8875,2.95,0.472,9.6686,0.5799,0.791,1689,-0.1988,True,1.9378,418.2993,6,5,0
Q2-0028,Q2_BLDG_BACKGROUND,,,REVIEW,,no class has all its cues,1358.29,1357.85,51,900,1.4406,0.0,0.3696,0.623,0.0074,0.9994,0.0359,0.17,0.0407,6.38,0.6197,0.8501,900,-0.13,True,0.3746,4086.0684,6,0,0
Q3-0028,Q3_VEG_BACKGROUND,,,REVIEW,,no class has all its cues,1350.98,1351.29,35,466,1.2469,0.1143,0.1811,0.4665,0.3524,0.9224,0.2602,1.19,0.3156,4.961,0.2145,0.6028,378,0.1277,False,9.1625,,4,0,0
Q4-0028,Q4_SHAPE,,,REVIEW,,no class has all its cues,1327.18,1327.48,15,469,3.056,0.6,0.8395,0.0847,0.0759,0.8032,0.2567,0.85,0.1624,9.6328,0.8215,0.919,454,0.1409,False,9.4984,,5,5,0
Q5-0028,Q5_ROOF_CANDIDATE,,,REVIEW,,no class has all its cues,1330.6200000000001,1330.68,165,1498,8.1795,0.0,0.0922,0.8172,0.0906,0.936,0.3385,1.08,0.162,8.56,0.0347,0.1216,1497,-0.2329,True,3.3035,219.3342,6,0,6
Q6-0028,Q6_RANDOM,GROUND,,REVIEW,GROUND,"at ground height; a thin flat plane; no vegetation returns; outside footprints; a flat plane at ground height is a road, a lawn or bare earth and no cue here separates them (audit 1: 10 of 19 right)",1330.69,1330.79,169,1564,0.1562,0.0,0.0262,0.9727,0.001,0.9948,0.0174,0.23,0.016,3.3918,0.4947,0.5107,447,-0.1383,False,5.6994,,3,0,0
Q1-0029,Q1_TREE_ON_ROOF,,,REVIEW,,no class has all its cues,1326.44,1326.4,998,4705,4.7148,0.4569,0.8255,0.1115,0.0629,0.2594,0.9628,3.2,0.2861,6.98,0.4567,0.599,4472,-0.1852,True,2.5546,235.1375,6,5,0
Q2-0029,Q2_BLDG_BACKGROUND,,,REVIEW,,no class has all its cues,1324.89,1325.05,23,380,0.8343,0.1304,0.6949,0.2031,0.102,0.5918,0.678,1.43,0.2243,4.2484,0.462,0.7388,228,0.0663,True,0.1111,97.004,6,0,0
Q3-0029,Q3_VEG_BACKGROUND,,,REVIEW,,no class has all its cues,1348.0,1348.44,132,1321,2.4793,0.0985,0.1915,0.7641,0.0444,0.9978,0.0128,0.94,0.1082,2.53,0.1135,0.0367,1320,-0.0681,False,8.7777,,5,0,0
Q4-0029,Q4_SHAPE,,,REVIEW,POLE,the surroundings are one vertical line; tall; outside footprints; not green; a bare trunk cannot be told from a pole or wire in leaf-off imagery,1354.16,1354.93,731,8069,9.889,0.9959,0.7785,0.0623,0.1591,0.0184,0.9656,6.48,0.3965,11.41,0.8591,0.9906,8068,0.0675,False,99.0,,5,5,0
Q5-0029,Q5_ROOF_CANDIDATE,,,REVIEW,,no class has all its cues,1330.48,1331.94,24,407,10.5379,0.5833,0.2605,0.4641,0.2754,0.2703,0.0536,1.37,0.2626,10.8288,0.877,0.9669,407,-0.0188,,,,6,5,6
Q6-0029,Q6_RANDOM,,,REVIEW,,no class has all its cues,1347.78,1347.92,146,1091,0.5258,0.1575,0.4386,0.3479,0.2135,0.5715,0.817,1.73,0.3088,3.01,0.6452,0.2192,464,0.0149,False,1.9428,,3,0,0
Q1-0030,Q1_TREE_ON_ROOF,,,REVIEW,,no class has all its cues,1362.191,1362.86,30,357,3.9497,0.4333,0.2425,0.5993,0.1582,0.8967,0.3997,1.26,0.2249,5.0978,0.1605,0.7891,357,0.0162,True,0.1402,332.7527,6,5,0
Q2-0030,Q2_BLDG_BACKGROUND,,,REVIEW,,no class has all its cues,1325.47,1325.67,822,3952,2.2498,0.2409,0.8524,0.0936,0.054,0.0229,0.9935,3.55,0.3383,4.27,0.8535,0.5564,1732,-0.1966,True,0.1018,190.4076,6,0,0
Q3-0030,Q3_VEG_BACKGROUND,,,REVIEW,,no class has all its cues,1319.76,1319.91,78,1074,1.5595,0.1538,0.5165,0.4725,0.0111,0.9831,0.1786,0.38,0.0577,3.17,0.2929,0.0553,589,-0.216,False,1.5988,,4,0,0
Q4-0030,Q4_SHAPE,,TREE,AUTO_CANDIDATE,,green (NAIP); canopy returns; points scattered in 3D; tall; outside footprints,1349.53,1352.61,150,3307,8.3558,1.0,0.5722,0.2127,0.2151,0.3584,0.8702,1.7,0.2613,13.3388,0.7917,0.9688,3307,0.5369,False,99.0,,5,5,0
Q5-0030,Q5_ROOF_CANDIDATE,,,REVIEW,,no class has all its cues,1330.8,1330.85,142,2540,7.9928,0.2465,0.3792,0.4962,0.1246,0.3043,0.6845,1.99,0.2096,8.18,0.4167,0.8659,1585,-0.127,,,,6,0,6
Q6-0030,Q6_RANDOM,,,REVIEW,,no class has all its cues,1346.5,1348.16,57,1541,11.1491,0.7368,0.2964,0.2925,0.4111,0.412,0.8995,2.0,0.3457,12.94,0.872,0.9943,1541,0.1613,False,10.2712,,5,5,0
Q1-0031,Q1_TREE_ON_ROOF,,,REVIEW,,no class has all its cues,1330.66,1330.84,669,3743,5.3793,0.3348,0.5738,0.0868,0.3395,0.0753,0.9925,2.4,0.4587,5.95,0.4902,0.3228,2740,-0.057,True,1.1085,592.83,6,5,0
Q2-0031,Q2_BLDG_BACKGROUND,,,REVIEW,,no class has all its cues,1323.25,1324.07,27,383,1.1293,0.1111,0.4738,0.4003,0.1259,0.6605,0.6465,1.09,0.2094,4.9336,0.3266,0.7297,383,-0.1585,,,,6,0,0
Q3-0031,Q3_VEG_BACKGROUND,,,REVIEW,,no class has all its cues,1364.96,1364.97,40,1570,5.207,0.6,0.6974,0.1356,0.167,0.3124,0.8168,1.22,0.1912,10.0562,0.6007,0.8774,1570,-0.111,True,2.7202,418.2993,5,0,0
Q4-0031,Q4_SHAPE,,,REVIEW,,no class has all its cues,1319.97,1320.03,106,918,0.2008,0.0943,0.0536,0.4397,0.5067,0.9973,0.0734,1.32,0.3422,0.1966,0.5729,0.3096,10,0.0501,False,6.4853,,4,0,0
Q5-0031,Q5_ROOF_CANDIDATE,,,REVIEW,,no class has all its cues,1332.54,1332.45,19,361,10.4189,0.5789,0.8128,0.1193,0.0679,0.3359,0.8715,1.98,0.2238,10.92,0.8926,0.9646,344,0.0345,True,1.3936,567.6018,6,0,6
Q6-0031,Q6_RANDOM,BUILDING_ROOF,BUILDING_ROOF,AUTO_CANDIDATE,,inside a surveyed footprint of house size; a thin flat plane; flat to gently sloped; above house-eave height; no vegetation returns; not green,1330.03,1330.25,30,313,6.84,0.0,0.1809,0.8186,0.0004,0.9999,0.015,0.06,0.0108,6.9,0.0718,0.0217,313,-0.1702,True,6.7916,3748.9471,6,0,6
Q1-0032,Q1_TREE_ON_ROOF,,,REVIEW,,no class has all its cues,1325.31,1326.19,42,566,4.1898,0.2619,0.7866,0.0857,0.1277,0.3264,0.9428,3.3,0.3579,8.267,0.5709,0.9788,550,0.1816,False,0.2445,,6,5,0
Q2-0032,Q2_BLDG_BACKGROUND,,,REVIEW,,no class has all its cues,1321.63,1322.01,40,474,6.3663,0.6,0.2607,0.1509,0.5884,0.6017,0.7496,1.69,0.409,7.7808,0.5661,0.9371,466,0.0817,False,0.008,,6,5,0
Q3-0032,Q3_VEG_BACKGROUND,,,REVIEW,,no class has all its cues,1319.98,1320.07,108,986,0.5624,0.0648,0.3679,0.486,0.1461,0.7278,0.6779,1.18,0.235,1.68,0.1143,0.173,269,-0.1,False,3.513,,4,0,0
Q4-0032,Q4_SHAPE,,,REVIEW,,no class has all its cues,1329.07,1329.29,1156,7085,12.9308,0.5588,0.8688,0.006,0.1252,0.1048,0.9901,6.06,0.4456,15.8132,0.8259,0.9642,6259,0.1365,False,6.5529,,5,5,0
Q5-0032,Q5_ROOF_CANDIDATE,,,REVIEW,,no class has all its cues,1350.6200000000001,1351.89,33,920,5.0239,0.6667,0.5792,0.2369,0.184,0.1508,0.2451,1.98,0.2045,11.4644,0.6434,0.9232,920,-0.269,False,0.5555,,6,5,6
Q6-0032,Q6_RANDOM,,,REVIEW,,no class has all its cues,1329.0155,1329.43,35,313,0.4519,0.0,0.3063,0.6929,0.0008,0.9991,0.0296,0.1,0.0153,0.5745,0.0457,0.0208,308,-0.2646,False,99.0,,3,0,0
Q1-0033,Q1_TREE_ON_ROOF,,,REVIEW,,no class has all its cues,1326.59,1326.9,48,444,4.6908,0.3542,0.795,0.0603,0.1446,0.2223,0.9738,3.21,0.408,6.56,0.4013,0.9534,434,-0.2112,True,0.0639,251.12,6,5,6
Q2-0033,Q2_BLDG_BACKGROUND,,,REVIEW,,no class has all its cues,1361.67,1361.96,52,910,0.3156,0.0,0.5695,0.425,0.0055,0.9911,0.0232,0.31,0.0413,3.4182,0.3402,0.1175,738,-0.2472,True,0.0471,253.6952,6,0,0
Q3-0033,Q3_VEG_BACKGROUND,,TREE,AUTO_CANDIDATE,,green (NAIP); canopy returns; points scattered in 3D; tall; outside footprints,1350.42,1354.56,144,2014,6.1547,0.4653,0.2614,0.1412,0.5974,0.1956,0.9623,3.17,0.4713,12.9774,0.7364,0.9788,2014,0.5053,False,8.7528,,5,0,0
Q4-0033,Q4_SHAPE,,,REVIEW,,no class has all its cues,1346.73,1348.53,39,1760,12.5059,0.1282,0.2343,0.4983,0.2674,0.5851,0.5885,1.58,0.2609,19.7246,0.9476,0.9943,1760,0.0459,False,10.2005,,5,5,0
Q5-0033,Q5_ROOF_CANDIDATE,,,REVIEW,,no class has all its cues,1334.05,1333.69,13,317,12.9962,1.0,0.3815,0.5865,0.032,0.6065,0.5803,1.5,0.1024,14.26,0.9103,0.9491,210,-0.2224,,,,6,5,6
Q6-0033,Q6_RANDOM,,,REVIEW,GROUND,"at ground height; a thin flat plane; no vegetation returns; outside footprints; a flat plane at ground height is a road, a lawn or bare earth and no cue here separates them (audit 1: 10 of 19 right)",1325.06,1325.29,38,352,0.2592,0.0,0.0951,0.9038,0.001,0.9975,0.0593,0.15,0.0168,3.4998,0.62,0.7527,138,-0.1648,False,2.157,,2,0,0
Q1-0034,Q1_TREE_ON_ROOF,,,REVIEW,,no class has all its cues,1323.75,1323.82,58,482,3.9253,0.4655,0.8193,0.0972,0.0835,0.2051,0.9779,3.38,0.3674,10.8314,0.8011,0.9199,419,-0.0342,True,0.1739,65.9098,6,5,0
Q2-0034,Q2_BLDG_BACKGROUND,BUILDING_ROOF,BUILDING_ROOF,AUTO_CANDIDATE,,inside a surveyed footprint of house size; a thin flat plane; flat to gently sloped; above house-eave height; no vegetation returns; not green,1334.94,1334.96,40,329,4.0725,0.0,0.0685,0.9311,0.0004,1.0,0.003,0.04,0.01,4.1344,0.3473,0.0165,273,-0.1277,True,1.306,3748.9471,6,0,0
Q3-0034,Q3_VEG_BACKGROUND,,,REVIEW,,no class has all its cues,1327.6200000000001,1328.8,25,371,2.1116,0.16,0.278,0.554,0.1681,0.9834,0.1574,0.69,0.205,3.88,0.3512,0.0179,335,-0.0532,False,7.186,,4,0,0
Q4-0034,Q4_SHAPE,,,REVIEW,,no class has all its cues,1346.1100000000001,1346.21,391,3953,12.7648,0.5729,0.7623,0.0702,0.1675,0.259,0.9657,3.52,0.4316,14.4396,0.6459,0.9997,3768,0.1144,False,7.5705,,5,5,0
Q5-0034,Q5_ROOF_CANDIDATE,,,REVIEW,,no class has all its cues,1332.21,1332.22,48,896,5.019,0.5208,0.5687,0.1665,0.2647,0.2404,0.1607,1.62,0.2434,5.12,0.7286,0.6854,427,-0.0925,False,0.3736,,6,0,6
Q6-0034,Q6_RANDOM,GROUND,,REVIEW,GROUND,"at ground height; a thin flat plane; no vegetation returns; outside footprints; a flat plane at ground height is a road, a lawn or bare earth and no cue here separates them (audit 1: 10 of 19 right)",1331.15,1331.46,37,321,0.3195,0.0,0.1251,0.8737,0.0012,0.9994,0.0292,0.1,0.0174,0.426,0.4972,0.004,181,-0.2274,False,24.2727,,3,0,0
Q1-0035,Q1_TREE_ON_ROOF,,,REVIEW,,no class has all its cues,1352.722,1352.78,18,417,6.1719,0.4444,0.7012,0.2968,0.002,0.9761,0.2153,0.41,0.0235,9.2188,0.3664,0.8351,414,-0.0078,True,0.5859,363.307,6,5,6
Q2-0035,Q2_BLDG_BACKGROUND,,,REVIEW,,no class has all its cues,1320.02,1320.1,75,1086,2.1151,0.2133,0.88,0.0438,0.0762,0.2078,0.9618,3.78,0.3868,4.44,0.355,0.5154,913,0.0402,,,,6,0,0
Q3-0035,Q3_VEG_BACKGROUND,,,REVIEW,,only 2 points in the patch,1361.1100000000001,1361.68,2,305,12.79,1.0,nan,nan,nan,nan,nan,nan,nan,13.0092,0.7497,0.9868,300,-0.0488,False,99.0,,5,0,0
Q4-0035,Q4_SHAPE,,,REVIEW,,no class has all its cues,1351.19,1351.58,269,3628,4.056,0.0,0.1351,0.8523,0.0126,0.8856,0.4547,0.99,0.0331,8.63,0.7143,0.9619,2812,-0.1127,False,4.9402,,5,5,0
Q5-0035,Q5_ROOF_CANDIDATE,,,REVIEW,,no class has all its cues,1350.79,1351.04,35,1029,3.9197,0.6571,0.6426,0.3349,0.0224,0.9539,0.0294,0.46,0.056,4.6344,0.7518,0.7813,689,-0.2403,False,0.8845,,6,0,6
Q6-0035,Q6_RANDOM,,,REVIEW,,only 1 points in the patch,1331.01,1331.07,1,345,18.76,1.0,nan,nan,nan,nan,nan,nan,nan,11.2,0.7218,0.9732,27,-0.1523,False,6.0577,,5,0,0
Q1-0036,Q1_TREE_ON_ROOF,,,REVIEW,,no class has all its cues,1346.1000000000001,1347.73,129,1665,4.5527,0.9535,0.5956,0.1794,0.2249,0.4624,0.8866,3.04,0.3602,5.9372,0.2419,0.8017,1665,0.0089,False,0.4291,,6,5,0
Q2-0036,Q2_BLDG_BACKGROUND,,,REVIEW,,no class has all its cues,1360.38,1363.46,143,1036,5.0211,0.2587,0.8911,0.0529,0.056,0.1715,0.985,3.8,0.3637,7.293,0.4984,0.8132,1036,0.1069,False,0.7555,,6,0,0
Q3-0036,Q3_VEG_BACKGROUND,,,REVIEW,,no class has all its cues,1348.68,1348.8,270,2347,1.5372,0.2741,0.7168,0.0772,0.206,0.2405,0.9687,2.55,0.4199,11.2608,0.8741,0.9466,1639,0.2287,False,10.3234,,4,0,0
Q4-0036,Q4_SHAPE,,,REVIEW,,no class has all its cues,1354.47,1355.73,96,1243,4.0233,0.1146,0.2979,0.6972,0.0049,0.9928,0.0137,0.3,0.0367,5.5048,0.3115,0.6662,1243,-0.1984,False,99.0,,5,5,0
Q5-0036,Q5_ROOF_CANDIDATE,,,REVIEW,,no class has all its cues,1344.5,1346.32,46,981,10.2576,0.4565,0.608,0.3853,0.0067,0.9943,0.0128,0.25,0.038,10.364,0.843,0.9567,981,0.0717,,,,6,0,6
Q6-0036,Q6_RANDOM,,,REVIEW,GROUND,"at ground height; a thin flat plane; no vegetation returns; outside footprints; a flat plane at ground height is a road, a lawn or bare earth and no cue here separates them (audit 1: 10 of 19 right)",1321.1200000000001,1321.34,43,355,0.2335,0.0,0.2939,0.7048,0.0013,0.9979,0.0641,0.15,0.0193,0.34,0.8209,0.0004,63,-0.1831,False,99.0,,3,0,0
Q1-0037,Q1_TREE_ON_ROOF,,,REVIEW,,no class has all its cues,1321.79,1321.76,94,1308,3.4751,0.1702,0.2681,0.4529,0.279,0.6178,0.7759,2.46,0.3428,11.1086,0.7491,0.9319,1308,-0.0072,True,0.291,196.9572,6,5,0
Q2-0037,Q2_BLDG_BACKGROUND,,,REVIEW,,no class has all its cues,1364.95,1364.95,244,1819,4.8709,0.3852,0.8518,0.0442,0.1041,0.1287,0.9859,3.82,0.4099,10.1564,0.6815,0.8867,1754,-0.17,True,2.0637,418.2993,6,0,0
Q3-0037,Q3_VEG_BACKGROUND,,,REVIEW,,no class has all its cues,1322.1000000000001,1322.04,16,955,8.7331,1.0,0.9632,0.0097,0.0271,0.0942,0.9947,4.96,0.3136,9.6992,0.6117,0.9993,113,0.0312,False,6.1347,,5,0,0
Q4-0037,Q4_SHAPE,,,REVIEW,,no class has all its cues,1349.54,1351.68,716,6578,9.2853,0.7277,0.8135,0.1471,0.0394,0.3094,0.9382,3.34,0.2197,13.73,0.8899,0.9515,6578,0.4024,False,99.0,,5,5,0
Q5-0037,Q5_ROOF_CANDIDATE,,,REVIEW,,no class has all its cues,1330.09,1330.2,69,933,5.6312,0.4783,0.4676,0.5268,0.0057,0.8765,0.0171,0.66,0.0404,7.0136,0.5,0.7245,534,0.0358,True,0.1624,164.1868,6,0,6
Q6-0037,Q6_RANDOM,,,REVIEW,GROUND,"at ground height; a thin flat plane; no vegetation returns; outside footprints; a flat plane at ground height is a road, a lawn or bare earth and no cue here separates them (audit 1: 10 of 19 right)",1333.8700000000001,1333.98,35,329,0.1214,0.0,0.0726,0.9268,0.0006,0.9992,0.0199,0.09,0.0129,5.5144,0.4976,0.5777,75,0.5155,False,99.0,,3,0,0
Q1-0038,Q1_TREE_ON_ROOF,,,REVIEW,,no class has all its cues,1325.38,1325.65,124,2893,3.2056,0.9516,0.5439,0.4293,0.0267,0.9808,0.1825,0.97,0.0833,5.5716,0.6995,0.9578,2685,-0.112,,,,6,5,0
Q2-0038,Q2_BLDG_BACKGROUND,,,REVIEW,,no class has all its cues,1335.46,1335.43,63,418,5.9776,0.3651,0.8973,0.0355,0.0672,0.1244,0.9921,4.24,0.412,10.6094,0.6025,0.8508,418,-0.1727,True,2.7373,233.1205,6,5,0
Q3-0038,Q3_VEG_BACKGROUND,,,REVIEW,,no class has all its cues,1336.01,1336.13,37,331,0.5462,0.1351,0.3402,0.3716,0.2882,0.6399,0.7651,1.91,0.3422,2.794,0.6929,0.3508,134,-0.0541,False,5.3377,,4,0,0
Q4-0038,Q4_SHAPE,,TREE,AUTO_CANDIDATE,,green (NAIP); canopy returns; points scattered in 3D; tall; outside footprints,1356.09,1360.26,369,4070,10.286,0.4986,0.892,0.0375,0.0704,0.0431,0.9987,5.27,0.4217,11.78,0.5765,0.9916,4070,0.2851,False,99.0,,5,5,0
Q5-0038,Q5_ROOF_CANDIDATE,,,REVIEW,,no class has all its cues,1334.23,1333.77,15,311,14.066,0.5333,0.691,0.3006,0.0085,0.9909,0.0331,0.2,0.0443,14.12,0.9478,0.9705,265,-0.2468,True,0.2681,1913.0718,6,0,6
Q6-0038,Q6_RANDOM,,BUILDING_ROOF,AUTO_CANDIDATE,,inside a surveyed footprint of house size; a thin flat plane; flat to gently sloped; above house-eave height; no vegetation returns; not green,1325.973,1326.05,32,321,3.4267,0.0,0.0588,0.9396,0.0016,0.9209,0.3275,0.7,0.0216,4.243,0.0266,0.1687,318,-0.2506,True,1.8941,586.6122,6,0,6
Q1-0039,Q1_TREE_ON_ROOF,BUILDING_ROOF,,REVIEW,,no class has all its cues,1329.59,1329.94,68,633,8.4078,0.5441,0.8123,0.02,0.1677,0.0482,0.9981,3.62,0.4866,15.528,0.753,0.9612,605,-0.0808,True,0.6051,3748.9471,6,5,0
Q2-0039,Q2_BLDG_BACKGROUND,,,REVIEW,GROUND,"at ground height; a thin flat plane; no vegetation returns; outside footprints; a flat plane at ground height is a road, a lawn or bare earth and no cue here separates them (audit 1: 10 of 19 right)",1321.94,1322.1,92,1330,0.2202,0.0,0.6212,0.3692,0.0097,0.9968,0.0196,0.45,0.0511,4.8242,0.7777,0.7648,687,-0.2716,False,0.3121,,6,0,0
Q3-0039,Q3_VEG_BACKGROUND,,,REVIEW,,no class has all its cues,1331.56,1331.64,35,886,7.9129,1.0,0.9392,0.0513,0.0095,0.1064,0.9913,5.31,0.1965,11.25,0.5107,0.9994,97,-0.1137,False,99.0,,5,0,0
Q4-0039,Q4_SHAPE,,,REVIEW,,no class has all its cues,1356.95,1357.2,440,3634,4.2159,0.4182,0.7678,0.1175,0.1147,0.3506,0.9343,4.36,0.3294,6.89,0.5206,0.8155,2992,-0.0199,False,1.9859,,5,5,0
Q5-0039,Q5_ROOF_CANDIDATE,,,REVIEW,,no class has all its cues,1348.74,1349.15,27,815,9.3419,0.2963,0.4085,0.2617,0.3299,0.2472,0.893,1.32,0.2316,9.5972,0.8569,0.9478,798,-0.2352,False,0.2158,,6,0,6
Q6-0039,Q6_RANDOM,BUILDING_ROOF,BUILDING_ROOF,AUTO_CANDIDATE,,inside a surveyed footprint of house size; a thin flat plane; flat to gently sloped; above house-eave height; no vegetation returns; not green,1330.49,1330.57,120,1237,7.0699,0.0,0.2011,0.7854,0.0135,0.9109,0.011,0.63,0.0602,7.3,0.0352,0.1158,1237,-0.2027,True,6.404,211.6442,6,0,6
Q1-0040,Q1_TREE_ON_ROOF,,,REVIEW,,no class has all its cues,1330.26,1330.58,134,1580,3.5274,0.3731,0.0527,0.9433,0.0041,0.8823,0.2151,0.79,0.0327,7.14,0.6953,0.8708,1531,-0.1263,True,0.2013,219.3342,6,5,6
Q2-0040,Q2_BLDG_BACKGROUND,,,REVIEW,,no class has all its cues,1331.43,1331.66,51,379,2.1139,0.1569,0.8809,0.0577,0.0615,0.1831,0.983,3.73,0.3785,3.94,0.4356,0.0713,152,-0.0794,True,0.1361,124.9158,6,5,0
Q3-0040,Q3_VEG_BACKGROUND,,,REVIEW,,no class has all its cues,1324.8700000000001,1325.09,123,3543,0.8405,0.0,0.1686,0.7373,0.0941,0.9057,0.4236,0.85,0.1662,11.53,0.8345,0.9979,3027,0.1223,False,99.0,,4,0,0
Q4-0040,Q4_SHAPE,,,REVIEW,,no class has all its cues,1330.48,1330.54,984,4770,5.7136,0.4675,0.8765,0.0621,0.0614,0.0707,0.9942,6.07,0.3435,10.07,0.7895,0.8437,3444,0.231,False,6.9568,,5,5,0
Q5-0040,Q5_ROOF_CANDIDATE,,,REVIEW,,no class has all its cues,1330.27,1330.55,63,1570,4.5167,0.6825,0.6498,0.3455,0.0047,0.8782,0.0287,0.58,0.0346,5.72,0.6083,0.8644,1465,-0.2887,False,0.1131,,6,5,6
Q6-0040,Q6_RANDOM,,,REVIEW,,only 5 points in the patch,1324.8700000000001,1325.56,5,428,8.228,1.0,0.9294,0.0356,0.0349,0.4181,0.8004,0.79,0.0766,8.4546,0.783,0.9357,426,0.1259,False,2.9528,,5,5,0
Q1-0041,Q1_TREE_ON_ROOF,,,REVIEW,,no class has all its cues,1351.2,1351.15,186,2121,6.2392,0.4247,0.7492,0.0816,0.1692,0.2699,0.9623,3.5,0.3795,8.376,0.7291,0.9273,1523,-0.2244,,,,6,5,6
Q2-0041,Q2_BLDG_BACKGROUND,,,REVIEW,,no class has all its cues,1330.43,1330.68,101,1797,0.4906,0.0792,0.4384,0.3149,0.2466,0.4892,0.4012,1.8,0.2745,4.77,0.3703,0.764,1402,-0.3447,False,0.14,,6,0,0
Q3-0041,Q3_VEG_BACKGROUND,,,REVIEW,,only 11 points in the patch,1322.56,1323.22,11,417,5.8827,1.0,0.95,0.0466,0.0034,0.9849,0.0524,0.16,0.0322,5.9168,0.4089,0.4206,378,0.213,False,6.7418,,5,0,0
Q4-0041,Q4_SHAPE,,,REVIEW,,no class has all its cues,1361.68,1361.74,65,1329,9.61,0.5692,0.4929,0.2658,0.2414,0.323,0.8368,1.93,0.3007,12.4488,0.8199,0.9343,1123,0.0101,False,1.5734,,5,5,0
Q5-0041,Q5_ROOF_CANDIDATE,,,REVIEW,,no class has all its cues,1333.84,1334.62,12,324,9.2958,0.5,0.8237,0.1165,0.0597,0.8961,0.2991,0.69,0.1192,9.5154,0.852,0.9618,314,0.1525,,,,6,0,6
Q6-0041,Q6_RANDOM,,,REVIEW,,no class has all its cues,1331.21,1331.36,33,310,7.6761,0.1515,0.4491,0.4402,0.1107,0.6195,0.7704,1.5,0.2287,8.32,0.087,0.26,310,-0.1765,True,2.9371,837.3424,6,0,6
Q1-0042,Q1_TREE_ON_ROOF,,,REVIEW,,no class has all its cues,1320.05,1320.13,228,2064,4.6112,0.443,0.862,0.0193,0.1188,0.0352,0.9993,3.1,0.46,10.4174,0.6578,0.951,1878,-0.0821,True,1.2895,156.6653,6,5,6
Q2-0042,Q2_BLDG_BACKGROUND,,,REVIEW,,no class has all its cues,1321.4,1321.43,49,427,2.8765,0.2653,0.8491,0.0154,0.1355,0.2293,0.9733,4.44,0.4303,5.1796,0.219,0.351,336,0.0101,True,0.0179,292.6859,6,0,0
Q3-0042,Q3_VEG_BACKGROUND,,,REVIEW,POLE,the surroundings are one vertical line; tall; outside footprints; not green; a bare trunk cannot be told from a pole or wire in leaf-off imagery,1353.84,1354.84,38,615,2.2092,0.6316,0.4587,0.1686,0.3727,0.0805,0.9966,2.65,0.4344,15.3888,0.9099,0.9935,542,0.1482,False,99.0,,4,0,0
Q4-0042,Q4_SHAPE,,,REVIEW,,no class has all its cues,1349.25,1349.77,172,1999,0.6381,0.0174,0.2738,0.5779,0.1484,0.9937,0.1115,1.21,0.2006,5.9712,0.3919,0.8986,1997,0.1678,False,99.0,,4,0,0
Q5-0042,Q5_ROOF_CANDIDATE,,,REVIEW,,no class has all its cues,1331.64,1332.67,28,473,9.8925,0.4286,0.3531,0.1691,0.4778,0.1998,0.0884,1.41,0.3587,11.8056,0.8471,0.9681,473,-0.0875,,,,6,5,6
Q6-0042,Q6_RANDOM,SHRUB_LOW_VEG,,REVIEW,GROUND,"at ground height; a thin flat plane; no vegetation returns; outside footprints; a flat plane at ground height is a road, a lawn or bare earth and no cue here separates them (audit 1: 10 of 19 right)",1329.8,1329.87,31,308,0.0868,0.0,0.1438,0.8544,0.0018,0.9969,0.0104,0.18,0.0224,0.4286,0.9278,0.0052,38,0.1647,False,99.0,,3,0,0
Q1-0043,Q1_TREE_ON_ROOF,,,REVIEW,,no class has all its cues,1348.3600000000001,1349.43,128,1849,4.7131,0.2969,0.766,0.0383,0.1958,0.2196,0.968,3.44,0.4474,11.56,0.7592,0.9558,1849,-0.0059,True,1.0467,246.9524,6,5,6
Q2-0043,Q2_BLDG_BACKGROUND,,,REVIEW,,no class has all its cues,1332.59,1332.72,21,343,1.0424,0.0,0.5124,0.4082,0.0794,0.8952,0.0539,0.82,0.1419,10.88,0.9076,0.9686,338,0.0163,True,0.6122,567.6018,6,0,0
Q3-0043,Q3_VEG_BACKGROUND,,,REVIEW,,no class has all its cues,1329.65,1329.76,109,778,6.3572,0.0,0.7126,0.1435,0.1439,0.4391,0.8984,3.43,0.3568,8.3146,0.3572,0.3686,775,-0.295,True,5.0499,563.064,5,0,6
Q4-0043,Q4_SHAPE,,,REVIEW,,no class has all its cues,1364.77,1364.92,1029,5612,2.7185,0.5102,0.9141,0.033,0.0529,0.0935,0.9956,4.78,0.4199,5.29,0.3728,0.8619,5612,-0.0192,True,0.7353,385.8175,5,5,0
Q5-0043,Q5_ROOF_CANDIDATE,,,REVIEW,,no class has all its cues,1334.68,1335.04,19,356,11.0495,0.4737,0.5165,0.2851,0.1985,0.5751,0.4563,1.65,0.233,11.28,0.9252,0.9793,314,-0.1609,False,1.0065,,6,0,6
Q6-0043,Q6_RANDOM,,,REVIEW,GROUND,"at ground height; a thin flat plane; no vegetation returns; outside footprints; a flat plane at ground height is a road, a lawn or bare earth and no cue here separates them (audit 1: 10 of 19 right)",1329.78,1329.92,103,921,0.1956,0.0,0.1821,0.814,0.0039,0.9999,0.0148,0.16,0.0319,0.28,nan,nan,3,-0.2795,False,6.9232,,3,0,0
Q1-0044,Q1_TREE_ON_ROOF,,,REVIEW,,no class has all its cues,1330.6200000000001,1330.73,318,2397,5.0223,0.283,0.4322,0.1013,0.4665,0.3263,0.9444,2.49,0.4571,6.72,0.304,0.4863,1800,-0.2749,True,0.1635,444.4534,6,5,6
Q2-0044,Q2_BLDG_BACKGROUND,,,REVIEW,,no class has all its cues,1321.3600000000001,1321.5,63,419,1.7802,0.3333,0.7941,0.1357,0.0702,0.3125,0.9497,2.96,0.2945,3.55,0.1197,0.3509,288,-0.3023,False,0.0668,,6,5,0
Q3-0044,Q3_VEG_BACKGROUND,,,REVIEW,,no class has all its cues,1348.26,1348.68,120,910,0.9965,0.225,0.5326,0.1751,0.2922,0.3301,0.9431,2.15,0.3982,2.25,0.6369,0.0159,578,0.2057,False,99.0,,4,0,0
Q4-0044,Q4_SHAPE,,,REVIEW,,no class has all its cues,1330.34,1331.31,13,402,2.8069,1.0,0.9029,0.0907,0.0064,0.9842,0.1495,0.41,0.0467,6.068,0.2897,0.3035,329,-0.0981,True,0.3697,567.6018,4,5,0
Q5-0044,Q5_ROOF_CANDIDATE,,,REVIEW,,no class has all its cues,1322.72,1322.95,38,437,2.8658,0.7105,0.6762,0.1281,0.1957,0.6172,0.754,1.68,0.3183,6.64,0.6119,0.8603,308,-0.1261,True,0.4599,188.6469,5,5,0
Q6-0044,Q6_RANDOM,,,REVIEW,GROUND,"at ground height; a thin flat plane; no vegetation returns; outside footprints; a flat plane at ground height is a road, a lawn or bare earth and no cue here separates them (audit 1: 10 of 19 right)",1324.52,1324.69,42,318,0.2445,0.0,0.0663,0.9312,0.0025,0.9995,0.026,0.15,0.0258,0.34,0.7071,0.0028,41,-0.27,False,99.0,,3,0,0
Q1-0045,Q1_TREE_ON_ROOF,,,REVIEW,,no class has all its cues,1351.05,1351.63,262,2988,3.2907,0.1718,0.3308,0.2642,0.405,0.7222,0.6915,1.65,0.3692,7.0752,0.3623,0.8959,2987,-0.0062,True,0.3878,173.3767,6,5,0
Q2-0045,Q2_BLDG_BACKGROUND,,,REVIEW,,no class has all its cues,1330.55,1331.12,165,1353,3.2191,0.0364,0.6697,0.0283,0.3021,0.4805,0.8694,2.91,0.444,3.62,0.0534,0.5407,1353,-0.2604,False,6.6554,,6,5,0
Q3-0045,Q3_VEG_BACKGROUND,,,REVIEW,,no class has all its cues,1321.1100000000001,1321.17,36,379,1.1297,0.0,0.165,0.8165,0.0185,0.9121,0.4099,0.91,0.0751,1.49,0.7952,0.034,156,0.2621,False,12.2823,,4,0,0
Q4-0045,Q4_SHAPE,,TREE,AUTO_CANDIDATE,,green (NAIP); canopy returns; points scattered in 3D; tall; outside footprints,1349.1100000000001,1349.18,923,5905,9.2483,0.3575,0.9166,0.0369,0.0465,0.1269,0.9891,9.44,0.3693,13.8,0.8773,0.9354,5463,0.4482,False,99.0,,5,5,0
Q5-0045,Q5_ROOF_CANDIDATE,,,REVIEW,,no class has all its cues,1329.73,1330.09,48,983,3.5948,0.6667,0.6509,0.3456,0.0035,0.9378,0.0275,0.37,0.0283,7.8936,0.6254,0.8937,833,-0.307,False,0.8073,,5,5,6
Q6-0045,Q6_RANDOM,,,REVIEW,GROUND,"at ground height; a thin flat plane; no vegetation returns; outside footprints; a flat plane at ground height is a road, a lawn or bare earth and no cue here separates them (audit 1: 10 of 19 right)",1321.1200000000001,1321.3,44,349,0.2086,0.0,0.0377,0.9601,0.0022,0.9977,0.0612,0.18,0.0244,0.33,0.8988,0.0014,35,-0.1804,False,99.0,,3,0,0
Q1-0046,Q1_TREE_ON_ROOF,,,REVIEW,,no class has all its cues,1334.5,1334.64,67,442,7.6703,0.2687,0.9856,0.0088,0.0056,0.0564,0.9982,10.69,0.3224,13.95,0.8801,0.9731,432,-0.0524,,,,6,5,6
Q2-0046,Q2_BLDG_BACKGROUND,,,REVIEW,,no class has all its cues,1326.57,1320.35,98,905,1.2359,0.0,0.1841,0.8154,0.0005,0.9793,0.1964,0.43,0.012,1.8392,0.0596,0.17,905,-0.0339,True,15.679,2157.2419,6,0,0
Q3-0046,Q3_VEG_BACKGROUND,,,REVIEW,POLE,the surroundings are one vertical line; tall; outside footprints; not green; a bare trunk cannot be told from a pole or wire in leaf-off imagery,1332.93,1332.99,21,419,7.6338,1.0,0.951,0.0364,0.0126,0.1098,0.9938,6.27,0.2426,16.5184,0.8599,0.9908,88,-0.1473,False,13.4124,,5,0,0
Q4-0046,Q4_SHAPE,,,REVIEW,,no class has all its cues,1325.17,1325.16,81,3733,9.2578,0.9259,0.5247,0.0904,0.3849,0.4024,0.8684,1.89,0.3684,12.02,0.7844,0.988,2786,0.0757,False,99.0,,5,5,0
Q5-0046,Q5_ROOF_CANDIDATE,,,REVIEW,,no class has all its cues,1326.4,1326.77,18,532,6.2517,0.7778,0.8552,0.034,0.1108,0.7072,0.6987,1.97,0.2521,7.739,0.5317,0.9995,480,-0.0999,True,0.0687,251.12,5,5,0
Q6-0046,Q6_RANDOM,BUILDING_ROOF,BUILDING_ROOF,AUTO_CANDIDATE,,inside a surveyed footprint of house size; a thin flat plane; flat to gently sloped; above house-eave height; no vegetation returns; not green,1330.79,1330.92,32,323,5.7006,0.0,0.0556,0.9431,0.0013,0.9998,0.0171,0.12,0.0181,5.74,0.0285,0.0112,323,-0.3942,True,3.63,768.7198,6,0,6
Q1-0047,Q1_TREE_ON_ROOF,,,REVIEW,,no class has all its cues,1324.53,1324.75,48,589,3.9323,0.2292,0.8275,0.0724,0.1,0.2261,0.973,3.69,0.393,9.3544,0.6345,1.0,583,-0.0712,True,2.1299,40.7501,6,5,6
Q2-0047,Q2_BLDG_BACKGROUND,,,REVIEW,,no class has all its cues,1345.89,1345.88,144,1107,1.4214,0.2014,0.8609,0.1008,0.0383,0.2794,0.9601,3.04,0.2715,3.68,0.2136,0.35,618,-0.3055,False,0.3646,,6,0,0
Q3-0047,Q3_VEG_BACKGROUND,,,REVIEW,,no class has all its cues,1361.2,1362.35,98,1186,2.2961,0.0102,0.4688,0.4732,0.058,0.7808,0.6163,1.34,0.1513,8.859,0.5096,0.9641,1186,0.0553,False,13.7636,,4,0,0
Q4-0047,Q4_SHAPE,,TREE,AUTO_CANDIDATE,,green (NAIP); canopy returns; points scattered in 3D; tall; outside footprints,1319.94,1319.98,452,3816,4.9362,0.4115,0.9234,0.0385,0.038,0.2165,0.9745,6.24,0.3223,9.037,0.4007,0.9354,3138,0.4068,False,99.0,,5,5,0
Q5-0047,Q5_ROOF_CANDIDATE,,,REVIEW,,no class has all its cues,1331.66,1333.13,24,510,9.7942,1.0,0.488,0.5064,0.0057,0.9998,0.0143,0.14,0.0392,10.7294,0.8419,0.946,510,-0.2513,,,,5,5,6
Q6-0047,Q6_RANDOM,GROUND,,REVIEW,GROUND,"at ground height; a thin flat plane; no vegetation returns; outside footprints; a flat plane at ground height is a road, a lawn or bare earth and no cue here separates them (audit 1: 10 of 19 right)",1324.31,1324.53,38,322,0.2584,0.0,0.0126,0.9857,0.0016,0.9997,0.0225,0.11,0.02,0.3058,0.9276,0.0016,9,-0.1694,False,99.0,,3,0,0
Q1-0048,Q1_TREE_ON_ROOF,,,REVIEW,,no class has all its cues,1323.4,1323.84,37,526,4.2808,0.5405,0.891,0.0581,0.0508,0.1482,0.9889,4.67,0.3317,10.125,0.7959,0.9319,525,-0.0485,True,0.2473,131.5605,6,5,6
Q2-0048,Q2_BLDG_BACKGROUND,,,REVIEW,,no class has all its cues,1360.69,1361.59,41,376,2.9022,0.2927,0.9248,0.0433,0.0319,0.2286,0.9734,3.96,0.3191,9.18,0.5622,0.9523,375,-0.0433,False,0.141,,6,5,0
Q3-0048,Q3_VEG_BACKGROUND,,,REVIEW,,no class has all its cues,1349.6000000000001,1350.58,89,1834,2.7564,0.9213,0.4354,0.3884,0.1762,0.9699,0.2209,0.91,0.2082,12.44,0.7921,0.9984,1834,0.1177,False,2.8493,,5,0,0
Q4-0048,Q4_SHAPE,,,REVIEW,,only 6 points in the patch,1327.09,1327.36,6,432,11.9283,1.0,0.7383,0.2568,0.0049,0.9829,0.1685,0.17,0.0197,13.1638,0.8916,0.9926,332,-0.2339,False,4.3729,,5,5,0
Q5-0048,Q5_ROOF_CANDIDATE,,,REVIEW,,no class has all its cues,1331.45,1331.64,16,469,16.81,0.6875,0.7222,0.2644,0.0134,0.9944,0.0323,0.24,0.0529,16.88,0.9513,0.9852,330,-0.1947,True,0.2588,1913.0718,6,0,6
Q6-0048,Q6_RANDOM,,,REVIEW,,no class has all its cues,1363.26,1363.43,102,906,3.1591,0.2059,0.3128,0.6847,0.0025,0.9379,0.3468,0.79,0.0277,4.15,0.4139,0.0032,606,-0.071,True,0.3661,258.3949,6,0,6
Q1-0049,Q1_TREE_ON_ROOF,,,REVIEW,,no class has all its cues,1321.6100000000001,1321.77,57,916,5.3856,0.7193,0.5232,0.3132,0.1636,0.5206,0.8497,1.87,0.2129,5.34,0.0263,0.326,837,-0.1206,True,0.9407,196.9572,6,5,0
Q2-0049,Q2_BLDG_BACKGROUND,,,REVIEW,,no class has all its cues,1324.55,1324.73,128,1867,0.2865,0.0312,0.451,0.1975,0.3516,0.964,0.1182,1.81,0.3363,4.07,0.4193,0.592,1285,-0.1473,False,0.4104,,6,0,0
Q3-0049,Q3_VEG_BACKGROUND,,,REVIEW,,no class has all its cues,1347.98,1348.75,999,3757,1.5884,0.3443,0.2535,0.1938,0.5527,0.2148,0.9753,2.47,0.3922,4.3488,0.3895,0.6329,3757,0.2952,False,99.0,,4,0,0
Q4-0049,Q4_SHAPE,,,REVIEW,,no class has all its cues,1330.6200000000001,1330.63,1257,8772,8.5292,0.9618,0.8672,0.0748,0.058,0.0156,0.9998,6.07,0.365,12.16,0.4909,0.9713,6269,0.1313,False,8.3259,,5,5,0
Q5-0049,Q5_ROOF_CANDIDATE,,,REVIEW,,no class has all its cues,1356.04,1358.69,57,1040,10.2423,0.4561,0.6911,0.2926,0.0163,0.914,0.3865,0.82,0.0749,11.1444,0.8287,0.9478,1040,0.0313,True,0.2928,565.2234,6,0,6
Q6-0049,Q6_RANDOM,,,REVIEW,,no class has all its cues,1327.78,1328.45,36,363,0.7069,0.0,0.319,0.679,0.002,0.9954,0.0764,0.18,0.0237,0.94,0.0214,0.0322,363,-0.2213,False,8.1825,,3,0,0
Q1-0050,Q1_TREE_ON_ROOF,,,REVIEW,,no class has all its cues,1329.76,1330.05,39,782,5.6031,0.0,0.4977,0.5006,0.0017,0.734,0.6792,1.62,0.0275,11.6276,0.4988,0.9865,677,-0.1106,True,1.4919,444.4534,6,5,6
Q2-0050,Q2_BLDG_BACKGROUND,,,REVIEW,,no class has all its cues,1330.84,1330.89,491,3502,2.7504,0.3849,0.9646,0.0171,0.0183,0.1478,0.9889,5.93,0.3163,5.79,0.5718,0.3442,1379,-0.1531,,,,6,0,0
Q3-0050,Q3_VEG_BACKGROUND,,,REVIEW,,no class has all its cues,1349.49,1353.71,56,1171,6.9502,0.3036,0.611,0.3873,0.0017,0.9999,0.0032,0.1,0.0213,10.696,0.6957,0.8573,1171,-0.2056,False,1.143,,5,0,0
Q4-0050,Q4_SHAPE,,,REVIEW,,only 5 points in the patch,1324.02,1324.04,5,473,6.668,1.0,0.9853,0.0128,0.0019,0.9941,0.0405,0.12,0.0311,6.878,0.7594,0.9321,159,0.0915,False,11.9013,,5,5,0
Q5-0050,Q5_ROOF_CANDIDATE,,,REVIEW,,no class has all its cues,1339.3600000000001,1339.51,12,337,9.2133,0.8333,0.6523,0.3009,0.0468,0.7774,0.0366,0.74,0.0894,10.1012,0.9101,0.9721,205,-0.0705,False,0.7471,,6,0,6
Q6-0050,Q6_RANDOM,,,REVIEW,,no class has all its cues,1334.6200000000001,1335.24,37,744,12.6943,0.973,0.4847,0.1186,0.3967,0.5134,0.8196,1.97,0.4009,13.731,0.9125,0.9995,742,-0.018,False,6.8516,,5,5,0
Q1-0051,Q1_TREE_ON_ROOF,,,REVIEW,,no class has all its cues,1331.1100000000001,1331.71,44,454,4.8752,0.3636,0.9003,0.0351,0.0646,0.1656,0.9858,4.34,0.3982,11.37,0.8023,0.9756,454,-0.1356,True,0.8123,794.1439,6,5,6
Q2-0051,Q2_BLDG_BACKGROUND,,,REVIEW,,no class has all its cues,1324.19,1324.22,27,397,0.1578,0.0,0.4231,0.5672,0.0097,0.9943,0.0905,0.33,0.0504,7.202,0.405,0.8048,240,0.2155,True,0.0898,213.3441,6,0,0
Q3-0051,Q3_VEG_BACKGROUND,,,REVIEW,,no class has all its cues,1351.04,1352.17,26,595,2.1038,0.0385,0.6957,0.2313,0.073,0.4235,0.9056,2.45,0.2586,10.2712,0.7245,0.9503,595,0.02,False,1.168,,4,0,0
Q4-0051,Q4_SHAPE,,,REVIEW,,no class has all its cues,1356.1200000000001,1356.68,1065,5783,7.7462,0.6329,0.8509,0.0912,0.0579,0.1424,0.9824,5.42,0.327,9.7836,0.712,0.9636,5783,0.1059,False,0.7587,,5,5,0
Q5-0051,Q5_ROOF_CANDIDATE,,,REVIEW,,no class has all its cues,1347.48,1348.0,28,830,4.9586,0.3571,0.5508,0.2478,0.2015,0.1854,0.5207,1.53,0.2012,5.5442,0.5483,0.8185,830,-0.1016,False,0.7654,,6,0,6
Q6-0051,Q6_RANDOM,,,REVIEW,,only 2 points in the patch,1332.42,1332.57,2,340,2.555,1.0,nan,nan,nan,nan,nan,nan,nan,3.41,0.7629,0.088,86,-0.2383,False,1.2659,,6,0,6
Q1-0052,Q1_TREE_ON_ROOF,UNSURE,BUILDING_ROOF,AUTO_CANDIDATE,,inside a surveyed footprint of house size; a thin flat plane; flat to gently sloped; above house-eave height; no vegetation returns; not green,1331.56,1331.68,116,1588,4.2132,0.0,0.0496,0.9497,0.0007,0.9992,0.0271,0.12,0.0136,9.8126,0.6018,0.8967,1459,-0.0479,True,2.0406,369.449,6,5,6
Q2-0052,Q2_BLDG_BACKGROUND,,,REVIEW,,no class has all its cues,1365.1100000000001,1365.25,527,3403,5.526,0.2391,0.8922,0.052,0.0558,0.3169,0.9145,2.71,0.2537,9.61,0.8268,0.873,3062,-0.0458,True,0.8672,266.4089,6,5,0
Q3-0052,Q3_VEG_BACKGROUND,,,REVIEW,,no class has all its cues,1322.27,1322.34,31,1079,8.969,1.0,0.9744,0.022,0.0036,0.0339,0.9981,11.51,0.2199,10.1,0.7198,0.9935,181,0.0008,False,6.488,,5,0,0
Q4-0052,Q4_SHAPE,,,REVIEW,,no class has all its cues,1346.83,1347.32,984,6330,11.455,0.4654,0.862,0.061,0.077,0.0595,0.9935,5.07,0.3458,12.97,0.8456,0.9934,6255,0.1969,False,10.3656,,5,5,0
Q5-0052,Q5_ROOF_CANDIDATE,,,REVIEW,,no class has all its cues,1360.68,1356.61,54,861,3.9104,0.2778,0.6268,0.3561,0.0172,0.9541,0.0382,0.42,0.0654,4.02,0.7014,0.0667,434,-0.1175,True,14.9105,4086.0684,6,0,6
Q6-0052,Q6_RANDOM,,,REVIEW,,no class has all its cues,1366.51,1366.59,30,484,4.912,0.2,0.3178,0.2645,0.4176,0.9888,0.1319,1.27,0.353,6.185,0.1785,0.7693,359,0.3762,False,9.8821,,5,5,0
Q1-0053,Q1_TREE_ON_ROOF,,,REVIEW,,no class has all its cues,1323.52,1323.64,48,404,3.3267,0.3542,0.7386,0.1667,0.0947,0.3516,0.9352,2.22,0.3056,4.9794,0.2604,0.2006,239,-0.32,True,0.0923,154.9213,6,5,6
Q2-0053,Q2_BLDG_BACKGROUND,,,REVIEW,POLE,the surroundings are one vertical line; tall; outside footprints; not green; a bare trunk cannot be told from a pole or wire in leaf-off imagery,1327.55,1327.9,39,390,2.6374,0.1795,0.8271,0.056,0.1168,0.2491,0.9684,2.92,0.4187,17.58,0.86,0.9835,378,-0.1556,False,1.2138,,6,0,0
Q3-0053,Q3_VEG_BACKGROUND,,,REVIEW,,no class has all its cues,1344.66,1345.42,132,1283,1.6587,0.2273,0.6125,0.1494,0.2382,0.3177,0.9461,2.43,0.3991,8.3936,0.7228,0.9078,1283,-0.0066,False,1.3011,,4,0,0
Q4-0053,Q4_SHAPE,,,REVIEW,,no class has all its cues,1328.73,1329.83,24,378,2.6083,0.3333,0.7779,0.2205,0.0016,0.988,0.0181,0.15,0.021,4.37,0.4244,0.7255,372,-0.1556,False,8.1795,,4,0,0
Q5-0053,Q5_ROOF_CANDIDATE,,,REVIEW,,no class has all its cues,1335.16,1336.07,15,365,9.654,0.6,0.8356,0.1585,0.0059,0.8601,0.4957,1.11,0.0434,11.036,0.8753,0.9661,365,-0.1456,False,0.101,,6,0,6
Q6-0053,Q6_RANDOM,,TREE,AUTO_CANDIDATE,,green (NAIP); canopy returns; points scattered in 3D; tall; outside footprints,1348.56,1350.81,43,587,9.3095,0.5814,0.2011,0.2992,0.4997,0.0552,0.9985,1.97,0.4312,10.3356,0.7309,0.9758,587,0.2667,False,4.7803,,5,5,0
Q1-0054,Q1_TREE_ON_ROOF,,,REVIEW,,no class has all its cues,1321.51,1321.61,46,373,4.7459,0.3043,0.6963,0.0973,0.2064,0.1097,0.9896,2.9,0.3948,5.9556,0.1348,0.3749,372,-0.3419,True,2.6474,208.9718,6,5,6
Q2-0054,Q2_BLDG_BACKGROUND,,,REVIEW,,no class has all its cues,1323.14,1323.34,60,1036,1.9158,0.15,0.8965,0.0454,0.0581,0.0253,0.9895,2.77,0.2779,4.36,0.1324,0.299,885,-0.2597,True,0.6798,233.3402,6,0,0
Q3-0054,Q3_VEG_BACKGROUND,,,REVIEW,,no class has all its cues,1325.91,1326.28,37,375,2.7795,0.0541,0.1856,0.5245,0.2899,0.8605,0.5092,1.5,0.2922,4.04,0.132,0.6921,325,0.3954,False,0.7037,,5,0,0
Q4-0054,Q4_SHAPE,,,REVIEW,,only 10 points in the patch,1356.1000000000001,1359.37,10,246,5.457,1.0,0.528,0.4177,0.0544,0.5306,0.8474,1.28,0.1053,5.454,0.3708,0.1036,246,0.166,False,4.2401,,5,5,0
Q5-0054,Q5_ROOF_CANDIDATE,,,REVIEW,,no class has all its cues,1334.6100000000001,1334.9,27,289,10.6559,0.2963,0.7129,0.0522,0.2349,0.2866,0.8494,1.83,0.3513,11.01,0.8739,0.9613,266,-0.1912,False,0.6964,,6,5,6
Q6-0054,Q6_RANDOM,,,REVIEW,,no class has all its cues,1329.58,1329.87,19,513,15.4842,1.0,0.6718,0.0954,0.2328,0.2444,0.9527,1.97,0.3392,16.6676,0.9583,0.9917,413,0.059,False,11.0217,,5,5,0
Q1-0055,Q1_TREE_ON_ROOF,,,REVIEW,,only 8 points in the patch,1350.96,1351.31,8,317,2.6975,0.25,0.9687,0.0291,0.0022,0.9968,0.0474,0.13,0.0286,7.2568,0.7312,0.8949,302,-0.0344,False,0.0194,,6,5,6
Q2-0055,Q2_BLDG_BACKGROUND,,,REVIEW,GROUND,"at ground height; a thin flat plane; no vegetation returns; outside footprints; a flat plane at ground height is a road, a lawn or bare earth and no cue here separates them (audit 1: 10 of 19 right)",1324.77,1324.92,29,362,0.1831,0.0,0.4612,0.5379,0.0008,0.9997,0.0048,0.09,0.0151,4.0568,0.4015,0.0401,191,-0.055,False,0.2944,,6,0,0
Q3-0055,Q3_VEG_BACKGROUND,,,REVIEW,,no class has all its cues,1346.0,1347.72,91,1340,3.646,0.1319,0.6051,0.3458,0.0491,0.9837,0.0476,0.72,0.1159,4.02,0.0767,0.1596,1340,-0.141,False,11.5674,,4,0,0
Q4-0055,Q4_SHAPE,,TREE,AUTO_CANDIDATE,,green (NAIP); canopy returns; points scattered in 3D; tall; outside footprints,1351.18,1355.23,1220,5748,5.8692,0.4934,0.8812,0.0596,0.0592,0.1258,0.9867,6.4,0.3499,10.79,0.5897,0.982,5748,0.2593,False,99.0,,5,5,0
Q5-0055,Q5_ROOF_CANDIDATE,,,REVIEW,,no class has all its cues,1339.09,1339.21,12,307,7.87,0.5,0.7268,0.2615,0.0117,0.8907,0.0954,0.34,0.0513,8.1188,0.7371,0.9684,129,-0.1378,False,0.3011,,6,0,6
Q6-0055,Q6_RANDOM,,,REVIEW,,no class has all its cues,1332.88,1333.79,15,514,12.7113,0.7333,0.6653,0.2829,0.0519,0.1552,0.9843,1.96,0.1919,14.0322,0.8638,0.9693,514,0.3556,False,8.1794,,5,5,0
Q1-0056,Q1_TREE_ON_ROOF,,,REVIEW,,no class has all its cues,1320.08,1320.26,167,1713,4.0475,0.2216,0.8301,0.0197,0.1502,0.1694,0.9626,3.14,0.4323,9.97,0.6698,0.9203,1560,-0.158,True,0.7302,173.0532,6,5,6
Q2-0056,Q2_BLDG_BACKGROUND,,,REVIEW,,no class has all its cues,1319.78,1320.0,109,1115,3.0273,0.0275,0.598,0.1138,0.2883,0.334,0.9415,3.05,0.4303,3.3172,0.2626,0.3819,840,-0.0215,False,0.692,,6,0,0
Q3-0056,Q3_VEG_BACKGROUND,,,REVIEW,,no class has all its cues,1354.28,1354.68,198,2131,2.6413,0.3434,0.5633,0.2398,0.1969,0.3774,0.9239,2.13,0.2972,3.284,0.1239,0.3824,2121,0.1203,False,99.0,,5,0,0
Q4-0056,Q4_SHAPE,,TREE,AUTO_CANDIDATE,,green (NAIP); canopy returns; points scattered in 3D; tall; outside footprints,1350.82,1354.38,290,3725,14.1293,0.6172,0.852,0.0656,0.0824,0.2932,0.9555,6.0,0.3732,16.22,0.8432,0.9901,3725,0.4889,False,99.0,,5,5,0
Q5-0056,Q5_ROOF_CANDIDATE,,,REVIEW,,no class has all its cues,1321.7,1321.84,52,950,3.8037,0.5192,0.7429,0.2356,0.0215,0.8927,0.4213,1.03,0.0886,4.07,0.57,0.0279,555,0.087,False,0.0663,,6,0,6
Q6-0056,Q6_RANDOM,,,REVIEW,,only 4 points in the patch,1330.28,1330.34,4,405,7.875,1.0,0.9106,0.0875,0.0019,0.9885,0.0805,0.08,0.013,8.3768,0.7666,0.6225,146,-0.0554,False,1.3795,,5,0,6
Q1-0057,Q1_TREE_ON_ROOF,,,REVIEW,,no class has all its cues,1327.88,1328.07,116,1448,3.3202,0.1897,0.7891,0.0546,0.1563,0.2509,0.9673,3.19,0.4494,9.7306,0.7241,0.9025,1265,-0.0445,True,1.7357,167.953,6,5,6
Q2-0057,Q2_BLDG_BACKGROUND,,,REVIEW,,no class has all its cues,1357.3,1359.05,38,368,2.7039,0.3421,0.7193,0.1028,0.1779,0.2575,0.9484,2.01,0.3643,9.4864,0.8213,0.9351,368,-0.0356,False,0.2145,,6,0,0
Q3-0057,Q3_VEG_BACKGROUND,,,REVIEW,,no class has all its cues,1345.55,1348.58,149,1322,4.1279,0.2886,0.7822,0.0228,0.195,0.0895,0.9819,2.98,0.4522,7.71,0.2867,0.6844,1322,0.165,False,99.0,,4,0,0
Q4-0057,Q4_SHAPE,,,REVIEW,,no class has all its cues,1319.92,1320.28,26,3247,5.4085,0.5769,0.6843,0.2297,0.0859,0.4546,0.8705,2.15,0.1852,19.02,0.9466,0.9988,2888,0.1711,False,3.0359,,5,5,0
Q5-0057,Q5_ROOF_CANDIDATE,,,REVIEW,,only 9 points in the patch,1334.07,1333.71,9,323,13.0733,0.8889,0.6488,0.3399,0.0113,0.6007,0.7894,1.53,0.0734,14.2356,0.9088,0.9604,247,-0.2664,True,0.0665,1913.0718,5,5,6
Q6-0057,Q6_RANDOM,,,REVIEW,,only 4 points in the patch,1351.89,1352.29,4,1092,14.275,1.0,0.8237,0.145,0.0313,0.8812,0.1944,0.11,0.0231,14.4772,0.9345,0.99,1092,0.4765,False,7.2766,,5,5,0
Q1-0058,Q1_TREE_ON_ROOF,,,REVIEW,,no class has all its cues,1326.42,1326.66,42,469,3.6555,0.1905,0.1871,0.4424,0.3705,0.765,0.5111,1.61,0.3163,14.4256,0.9218,0.9771,408,-0.0281,True,0.0984,573.6871,6,5,0
Q2-0058,Q2_BLDG_BACKGROUND,,,REVIEW,,no class has all its cues,1323.99,1324.49,121,1717,0.6403,0.0,0.1051,0.6475,0.2474,0.8539,0.3101,1.46,0.2401,4.31,0.4515,0.7588,1680,-0.086,True,0.0629,301.8438,6,0,0
Q3-0058,Q3_VEG_BACKGROUND,,,REVIEW,,no class has all its cues,1338.01,1338.24,82,1790,2.7159,0.7683,0.4681,0.0689,0.463,0.1995,0.808,1.94,0.3796,10.3022,0.767,0.9378,1536,0.1669,False,5.998,,5,0,0
Q4-0058,Q4_SHAPE,TREE,TREE,AUTO_CANDIDATE,,green (NAIP); canopy returns; points scattered in 3D; tall; outside footprints,1350.8600000000001,1351.34,283,4082,6.4696,0.6749,0.7244,0.0284,0.2472,0.2251,0.9743,3.82,0.4985,7.8438,0.677,0.9829,4071,0.3165,False,3.6555,,5,5,0
Q5-0058,Q5_ROOF_CANDIDATE,,,REVIEW,,no class has all its cues,1334.55,1334.61,23,331,9.2361,0.2609,0.4185,0.454,0.1275,0.5767,0.7527,1.5,0.2005,10.634,0.7655,0.9825,184,-0.2309,True,0.5088,1080.2198,6,0,6
Q6-0058,Q6_RANDOM,,,REVIEW,,no class has all its cues,1368.05,1368.42,33,289,0.3876,0.0,0.0163,0.9827,0.001,0.9988,0.0494,0.13,0.0161,0.5124,0.3879,0.0026,234,-0.147,False,99.0,,2,0,0
Q1-0059,Q1_TREE_ON_ROOF,,,REVIEW,,no class has all its cues,1360.75,1363.13,64,1197,6.1809,0.2969,0.407,0.5888,0.0042,0.9384,0.2959,0.61,0.033,12.3216,0.8062,0.9633,1197,-0.051,False,0.0937,,6,5,6
Q2-0059,Q2_BLDG_BACKGROUND,,,REVIEW,GROUND,"at ground height; a thin flat plane; no vegetation returns; outside footprints; a flat plane at ground height is a road, a lawn or bare earth and no cue here separates them (audit 1: 10 of 19 right)",1330.66,1330.82,97,1847,0.2287,0.0,0.5844,0.414,0.0016,1.0,0.0013,0.11,0.0208,7.3508,0.5951,0.8257,1127,-0.2032,False,0.1149,,6,0,0
Q3-0059,Q3_VEG_BACKGROUND,,,REVIEW,,no class has all its cues,1339.45,1339.79,33,662,0.7297,0.0,0.2282,0.7385,0.0333,0.9947,0.0647,0.4,0.0971,12.1512,0.869,0.9988,649,0.0174,False,99.0,,4,0,0
Q4-0059,Q4_SHAPE,,,REVIEW,,no class has all its cues,1354.59,1355.45,566,7245,7.5046,0.9912,0.8246,0.0522,0.1232,0.1417,0.9835,4.61,0.358,9.7112,0.8157,0.976,7245,0.1576,False,99.0,,5,5,0
Q5-0059,Q5_ROOF_CANDIDATE,,,REVIEW,,no class has all its cues,1331.53,1331.9,20,328,5.6525,0.35,0.6564,0.3402,0.0034,0.9236,0.0174,0.38,0.0303,6.5152,0.6615,0.9046,295,0.1076,True,0.4385,794.1439,6,0,6
Q6-0059,Q6_RANDOM,,,REVIEW,GROUND,"at ground height; a thin flat plane; no vegetation returns; outside footprints; a flat plane at ground height is a road, a lawn or bare earth and no cue here separates them (audit 1: 10 of 19 right)",1326.98,1327.06,93,629,0.1045,0.0,0.082,0.9164,0.0016,0.9996,0.005,0.11,0.0196,0.1844,nan,nan,0,-0.216,False,15.2894,,3,0,0
Q1-0060,Q1_TREE_ON_ROOF,,,REVIEW,,no class has all its cues,1358.6200000000001,1359.96,38,338,5.8366,0.1316,0.8866,0.0406,0.0727,0.2064,0.9778,4.15,0.4017,9.7752,0.7659,0.9253,338,-0.128,True,1.6927,332.7527,6,5,6
Q2-0060,Q2_BLDG_BACKGROUND,OTHER_STRUCTURE,,REVIEW,GROUND,"at ground height; a thin flat plane; no vegetation returns; outside footprints; a flat plane at ground height is a road, a lawn or bare earth and no cue here separates them (audit 1: 10 of 19 right)",1354.06,1354.02,75,1044,0.0228,0.0,0.182,0.8151,0.0029,1.0,0.0018,0.19,0.0265,6.8,0.4456,0.5497,592,-0.1057,False,0.1282,,6,0,0
Q3-0060,Q3_VEG_BACKGROUND,,,REVIEW,,no class has all its cues,1348.54,1356.81,61,936,9.8159,0.3443,0.3813,0.4449,0.1738,0.6759,0.1308,1.41,0.2112,10.183,0.3027,0.6496,936,0.1844,False,7.2306,,5,0,0
Q4-0060,Q4_SHAPE,,,REVIEW,,no class has all its cues,1354.71,1355.39,815,6727,7.5745,0.984,0.7248,0.1526,0.1226,0.1632,0.973,3.4,0.2939,9.17,0.835,0.9809,6727,0.2252,False,99.0,,5,5,0
Q5-0060,Q5_ROOF_CANDIDATE,,,REVIEW,,no class has all its cues,1330.99,1331.52,30,442,6.2237,0.4333,0.4276,0.3962,0.1762,0.6752,0.5892,1.92,0.2696,7.5036,0.5631,0.8753,442,-0.145,False,0.0151,,6,5,6
Q6-0060,Q6_RANDOM,,,REVIEW,,no class has all its cues,1327.53,1327.93,33,329,0.4142,0.0,0.1575,0.842,0.0005,0.9945,0.0758,0.21,0.0115,8.6644,0.4749,0.8465,227,0.1269,False,2.3582,,3,0,0
Q1-0061,Q1_TREE_ON_ROOF,,,REVIEW,,no class has all its cues,1332.23,1332.24,31,402,2.7958,0.2903,0.303,0.5894,0.1076,0.4916,0.8134,1.56,0.2025,6.8788,0.3983,0.6057,287,-0.0404,False,0.1991,,6,5,6
Q2-0061,Q2_BLDG_BACKGROUND,,,REVIEW,,no class has all its cues,1325.73,1325.92,57,400,2.0288,0.2807,0.9073,0.0412,0.0516,0.1662,0.9857,3.63,0.3675,3.98,0.5991,0.6253,235,-0.0678,False,5.6058,,6,0,0
Q3-0061,Q3_VEG_BACKGROUND,,,REVIEW,,no class has all its cues,1320.1200000000001,1320.24,133,1430,0.6594,0.0677,0.2387,0.632,0.1293,0.7306,0.6813,1.56,0.2204,9.2726,0.7997,0.9026,764,-0.1338,False,3.5946,,4,0,0
Q4-0061,Q4_SHAPE,,,REVIEW,POLE,the surroundings are one vertical line; tall; outside footprints; not green; a bare trunk cannot be told from a pole or wire in leaf-off imagery,1344.68,1346.63,95,1476,8.6178,0.9368,0.7507,0.0453,0.2039,0.3293,0.9408,3.44,0.4267,12.73,0.8639,0.9886,1472,0.0647,False,99.0,,5,5,0
Q5-0061,Q5_ROOF_CANDIDATE,,,REVIEW,,no class has all its cues,1331.7485,1332.47,24,443,9.0844,1.0,0.5943,0.3983,0.0074,1.0,0.0058,0.19,0.0427,9.5087,0.8423,0.9451,443,-0.0723,True,0.8532,567.6018,5,5,6
Q6-0061,Q6_RANDOM,,,REVIEW,,no class has all its cues,1324.8700000000001,1324.92,33,534,6.8148,0.5152,0.3355,0.3322,0.3322,0.5854,0.809,2.0,0.3614,7.8802,0.1468,0.5833,344,0.1468,False,6.0727,,5,5,0
Q1-0062,Q1_TREE_ON_ROOF,,,REVIEW,,no class has all its cues,1327.73,1327.92,135,1551,5.2174,0.3704,0.8473,0.0167,0.136,0.1476,0.989,3.56,0.4524,10.05,0.5698,0.9604,1478,-0.059,True,1.1004,167.953,6,5,0
Q2-0062,Q2_BLDG_BACKGROUND,,,REVIEW,,no class has all its cues,1350.47,1351.22,150,1470,3.0327,0.2,0.9501,0.0278,0.0221,0.0861,0.9942,6.63,0.3281,10.39,0.8241,0.9608,1470,0.0213,False,0.273,,6,0,0
Q3-0062,Q3_VEG_BACKGROUND,,,REVIEW,,no class has all its cues,1348.57,1351.97,97,1177,5.7804,0.1959,0.74,0.1771,0.0829,0.4048,0.9142,3.13,0.2753,10.2048,0.3131,0.7145,1128,0.3021,False,4.9486,,5,0,0
Q4-0062,Q4_SHAPE,,,REVIEW,,no class has all its cues,1330.1100000000001,1330.55,712,6438,9.95,0.9466,0.9254,0.013,0.0616,0.004,0.9986,6.16,0.467,12.79,0.8864,0.9996,6434,0.0077,True,0.4348,271.0699,5,5,0
Q5-0062,Q5_ROOF_CANDIDATE,,,REVIEW,,no class has all its cues,1330.84,1332.37,15,413,11.972,0.4667,0.7392,0.2583,0.0025,0.9977,0.0077,0.1,0.0239,11.99,0.8928,0.971,413,-0.1101,False,0.174,,6,0,6
Q6-0062,Q6_RANDOM,,,REVIEW,,only 2 points in the patch,1354.06,1354.56,2,469,10.875,1.0,nan,nan,nan,nan,nan,nan,nan,11.4628,0.8848,0.971,467,0.2455,False,99.0,,5,5,0
Q1-0063,Q1_TREE_ON_ROOF,,,REVIEW,,no class has all its cues,1335.65,1335.88,49,530,3.6282,0.3878,0.7113,0.0388,0.2499,0.0928,0.9954,2.9,0.4543,10.4668,0.593,0.9594,430,-0.096,True,0.8587,345.0841,6,5,6
Q2-0063,Q2_BLDG_BACKGROUND,,BUILDING_ROOF,AUTO_CANDIDATE,,inside a surveyed footprint of house size; a thin flat plane; flat to gently sloped; above house-eave height; no vegetation returns; not green,1330.7,1330.66,410,3126,3.6321,0.0,0.0626,0.937,0.0004,1.0,0.0022,0.07,0.0106,3.66,0.3944,0.0024,3126,-0.0296,True,5.0761,592.83,6,0,0
Q3-0063,Q3_VEG_BACKGROUND,,,REVIEW,,no class has all its cues,1347.07,1348.86,211,3446,2.6191,0.2133,0.6834,0.1434,0.1732,0.293,0.9554,3.14,0.3794,16.091,0.9159,0.9965,3445,0.3458,False,15.748,,4,0,0
Q4-0063,Q4_SHAPE,,,REVIEW,POLE,the surroundings are one vertical line; tall; outside footprints; not green; a bare trunk cannot be told from a pole or wire in leaf-off imagery,1357.75,1358.0,171,2737,10.9304,0.9883,0.8406,0.058,0.1014,0.3933,0.9126,2.62,0.3415,13.05,0.9077,0.9863,2484,0.1268,False,5.2291,,5,5,0
Q5-0063,Q5_ROOF_CANDIDATE,,,REVIEW,,no class has all its cues,1330.88,1331.56,16,320,9.1937,0.1875,0.7538,0.215,0.0311,0.9049,0.4206,0.74,0.0931,9.5362,0.7058,0.8759,320,-0.1815,,,,6,0,6
Q6-0063,Q6_RANDOM,,,REVIEW,GROUND,"at ground height; a thin flat plane; no vegetation returns; outside footprints; a flat plane at ground height is a road, a lawn or bare earth and no cue here separates them (audit 1: 10 of 19 right)",1347.32,1347.49,86,871,0.1823,0.0,0.235,0.7644,0.0006,0.9999,0.0116,0.07,0.0122,3.678,0.7846,0.9561,92,0.4433,False,99.0,,3,0,0
Q1-0064,Q1_TREE_ON_ROOF,,BUILDING_ROOF,AUTO_CANDIDATE,,inside a surveyed footprint of house size; a thin flat plane; flat to gently sloped; above house-eave height; no vegetation returns; not green,1325.79,1325.85,31,690,3.0568,0.0645,0.468,0.5141,0.018,0.9934,0.0315,0.49,0.0771,17.6566,0.931,0.9912,640,-0.0076,True,0.4678,86.1992,6,5,6
Q2-0064,Q2_BLDG_BACKGROUND,,,REVIEW,,no class has all its cues,1362.26,1364.03,105,995,5.2134,0.0,0.0292,0.9684,0.0024,0.9599,0.0525,0.62,0.0255,7.5424,0.2329,0.7033,995,-0.2221,False,1.8908,,6,0,0
Q3-0064,Q3_VEG_BACKGROUND,,,REVIEW,,only 3 points in the patch,1360.74,1361.34,3,309,12.9933,1.0,nan,nan,nan,nan,nan,nan,nan,13.252,0.7941,0.9921,307,-0.0358,False,99.0,,5,0,0
Q4-0064,Q4_SHAPE,,,REVIEW,,no class has all its cues,1330.48,1330.59,594,4395,9.8257,0.8266,0.3898,0.4506,0.1596,0.0993,0.7823,2.32,0.2373,16.19,0.8497,0.9991,1638,0.2066,False,6.8782,,5,5,0
Q5-0064,Q5_ROOF_CANDIDATE,,,REVIEW,,no class has all its cues,1330.8500000000001,1331.59,18,331,9.435,0.6111,0.453,0.2331,0.3139,0.4553,0.8888,1.96,0.2666,9.594,0.6629,0.8587,331,-0.1799,,,,5,0,6
Q6-0064,Q6_RANDOM,,,REVIEW,,no class has all its cues,1339.4350000000002,1343.67,14,548,9.3986,1.0,0.7408,0.0833,0.1759,0.2634,0.9647,2.0,0.2968,11.195,0.6866,0.9171,548,0.1102,False,9.7412,,5,5,0
Q1-0065,Q1_TREE_ON_ROOF,,,REVIEW,,no class has all its cues,1362.31,1362.97,18,386,6.2539,0.1111,0.6523,0.0361,0.3116,0.7999,0.2647,1.15,0.2777,16.939,0.8288,0.9495,386,0.2,True,2.2451,241.3022,6,5,6
Q2-0065,Q2_BLDG_BACKGROUND,,,REVIEW,,no class has all its cues,1319.89,1320.19,92,1307,0.363,0.0,0.6114,0.3821,0.0064,0.9898,0.052,0.31,0.0415,3.44,0.3264,0.4378,896,0.1349,,,,6,0,0
Q3-0065,Q3_VEG_BACKGROUND,,,REVIEW,,no class has all its cues,1329.82,1330.26,15,372,2.3427,1.0,0.9043,0.0916,0.0041,0.9982,0.0052,0.13,0.0358,2.38,0.3411,0.0165,351,-0.0731,False,14.9055,,4,0,0
Q4-0065,Q4_SHAPE,,,REVIEW,,no class has all its cues,1348.79,1349.17,46,1802,9.6109,0.5652,0.3043,0.4811,0.2146,0.0032,0.9706,1.36,0.2212,17.8098,0.9097,0.9781,1692,0.3584,False,99.0,,5,5,0
Q5-0065,Q5_ROOF_CANDIDATE,,,REVIEW,,no class has all its cues,1321.69,1321.8,37,492,2.8095,0.4595,0.1835,0.2721,0.5444,0.9814,0.1779,1.9,0.3784,3.3518,0.2567,0.3162,288,0.0979,False,1.1627,,5,5,0
Q6-0065,Q6_RANDOM,,,REVIEW,GROUND,"at ground height; a thin flat plane; no vegetation returns; outside footprints; a flat plane at ground height is a road, a lawn or bare earth and no cue here separates them (audit 1: 10 of 19 right)",1324.1200000000001,1324.37,31,362,0.271,0.0,0.201,0.7984,0.0006,0.9996,0.0092,0.07,0.0125,6.49,0.6317,0.8657,128,0.0804,False,4.9281,,3,0,0
Q1-0066,Q1_TREE_ON_ROOF,,,REVIEW,,no class has all its cues,1357.5,1358.04,307,2081,5.7699,0.3355,0.822,0.0447,0.1333,0.2379,0.9701,5.33,0.4248,7.504,0.7102,0.9121,2081,-0.1316,True,0.8497,400.6024,6,5,6
Q2-0066,Q2_BLDG_BACKGROUND,BUILDING_ROOF,BUILDING_ROOF,AUTO_CANDIDATE,,inside a surveyed footprint of house size; a thin flat plane; flat to gently sloped; above house-eave height; no vegetation returns; not green,1348.56,1349.59,118,1212,4.7697,0.0,0.0489,0.9238,0.0273,0.9883,0.1227,0.45,0.0829,4.84,0.1647,0.5384,1212,-0.0119,True,1.8213,187.1643,6,0,0
Q3-0066,Q3_VEG_BACKGROUND,,,REVIEW,,no class has all its cues,1331.53,1331.68,18,889,8.67,1.0,0.9511,0.0213,0.0276,0.0299,0.9991,5.14,0.3864,11.3724,0.7689,0.9816,56,0.0435,False,9.2037,,5,0,0
Q4-0066,Q4_SHAPE,,,REVIEW,,no class has all its cues,1331.59,1332.02,89,1096,2.5317,0.764,0.5816,0.3047,0.1137,0.3371,0.9098,2.45,0.2384,4.22,0.3502,0.6327,1034,0.2091,False,9.9948,,4,0,0
Q5-0066,Q5_ROOF_CANDIDATE,,,REVIEW,,only 11 points in the patch,1336.07,1336.28,11,367,3.2282,1.0,0.9149,0.0837,0.0014,0.9846,0.0869,0.19,0.0215,8.3568,0.774,0.881,266,-0.1293,True,0.1032,42.983,5,5,0
Q6-0066,Q6_RANDOM,,,REVIEW,GROUND,"at ground height; a thin flat plane; no vegetation returns; outside footprints; a flat plane at ground height is a road, a lawn or bare earth and no cue here separates them (audit 1: 10 of 19 right)",1322.84,1322.96,33,333,0.1406,0.0,0.1175,0.8815,0.001,0.9976,0.0666,0.16,0.0162,0.3,0.6974,0.0051,9,-0.1716,False,99.0,,3,0,0
Q1-0067,Q1_TREE_ON_ROOF,,,REVIEW,,no class has all its cues,1334.89,1335.24,48,698,5.5363,0.5417,0.8122,0.0134,0.1744,0.0738,0.9934,4.58,0.5034,8.1406,0.346,0.9662,694,-0.0393,False,0.6436,,6,5,0
Q2-0067,Q2_BLDG_BACKGROUND,,,REVIEW,,no class has all its cues,1327.92,1327.86,31,351,0.2574,0.0,0.4887,0.487,0.0243,0.8379,0.4547,0.88,0.0904,4.74,0.2907,0.5444,196,-0.0202,True,0.0423,183.8256,6,0,0
Q3-0067,Q3_VEG_BACKGROUND,,,REVIEW,,no class has all its cues,1351.1200000000001,1351.38,33,446,0.9209,0.0,0.487,0.4494,0.0635,0.7221,0.6907,1.33,0.1737,4.14,0.4193,0.3267,323,0.1313,False,4.7806,,4,0,0
Q4-0067,Q4_SHAPE,,TREE,AUTO_CANDIDATE,,green (NAIP); canopy returns; points scattered in 3D; tall; outside footprints,1365.0,1365.36,1190,4905,8.2032,0.6471,0.8489,0.0917,0.0594,0.0015,0.9974,6.62,0.3345,13.5292,0.7431,0.9792,4796,0.3695,False,0.2967,,5,5,0
Q5-0067,Q5_ROOF_CANDIDATE,,,REVIEW,,no class has all its cues,1331.815,1333.31,16,400,12.2512,0.5625,0.7793,0.2183,0.0023,0.9988,0.0127,0.09,0.0235,12.275,0.9053,0.9733,400,-0.1491,,,,6,0,6
Q6-0067,Q6_RANDOM,,,REVIEW,,no class has all its cues,1340.8700000000001,1342.33,33,624,8.6391,0.9394,0.4736,0.2314,0.295,0.1201,0.9923,2.0,0.3422,12.5748,0.8569,0.9835,624,-0.0049,False,99.0,,5,5,0
Q1-0068,Q1_TREE_ON_ROOF,,,REVIEW,,no class has all its cues,1329.8,1330.25,77,1071,6.1629,0.4675,0.8884,0.0627,0.0488,0.3397,0.9337,3.2,0.273,11.122,0.8124,0.9559,1071,-0.0936,False,0.1007,,6,5,6
Q2-0068,Q2_BLDG_BACKGROUND,,,REVIEW,,no class has all its cues,1362.57,1362.82,60,1080,1.816,0.3,0.8501,0.0939,0.0559,0.0099,0.9967,2.69,0.2493,7.3542,0.2436,0.7988,1062,-0.0594,True,0.1879,281.6871,6,0,0
Q3-0068,Q3_VEG_BACKGROUND,,,REVIEW,,no class has all its cues,1327.8985,1328.12,31,357,5.2131,0.5484,0.4259,0.3417,0.2324,0.436,0.3718,1.04,0.2784,5.6303,0.2237,0.4371,199,0.2221,True,0.2756,228.1064,5,0,6
Q4-0068,Q4_SHAPE,,,REVIEW,,no class has all its cues,1349.88,1349.99,249,3094,3.3274,0.8353,0.8223,0.065,0.1127,0.1804,0.9597,3.72,0.3203,11.79,0.7974,0.9581,2130,0.0994,False,99.0,,5,5,0
Q5-0068,Q5_ROOF_CANDIDATE,,,REVIEW,,no class has all its cues,1360.67,1356.93,76,842,3.5472,0.5132,0.7294,0.1397,0.1309,0.3836,0.9018,2.0,0.3086,4.0518,0.6923,0.4959,534,-0.1545,True,17.321,4086.0684,6,0,6
Q6-0068,Q6_RANDOM,SHRUB_LOW_VEG,,REVIEW,GROUND,"at ground height; a thin flat plane; no vegetation returns; outside footprints; a flat plane at ground height is a road, a lawn or bare earth and no cue here separates them (audit 1: 10 of 19 right)",1321.72,1321.83,151,1522,0.1645,0.0,0.0658,0.9326,0.0016,0.9994,0.0196,0.14,0.0208,2.09,0.8399,0.1362,173,-0.2166,False,3.7587,,3,0,0
Q1-0069,Q1_TREE_ON_ROOF,,,REVIEW,,no class has all its cues,1333.45,1333.86,24,397,3.0563,0.5417,0.6505,0.3471,0.0024,0.9999,0.004,0.12,0.0263,3.08,0.2875,0.4903,337,-0.1418,False,14.8024,,6,5,0
Q2-0069,Q2_BLDG_BACKGROUND,,,REVIEW,,no class has all its cues,1321.57,1321.76,74,1302,0.4046,0.0,0.4514,0.5368,0.0118,0.9451,0.0193,0.42,0.0546,4.0398,0.214,0.0924,904,-0.1559,False,0.022,,6,0,0
Q3-0069,Q3_VEG_BACKGROUND,,,REVIEW,,no class has all its cues,1326.47,1326.62,32,342,1.2503,0.3438,0.8371,0.097,0.0659,0.3203,0.9369,2.95,0.2634,14.7236,0.9437,0.9768,202,0.2765,False,5.4848,,4,0,0
Q4-0069,Q4_SHAPE,,,REVIEW,,no class has all its cues,1325.0,1325.27,644,4192,1.8414,0.4115,0.6497,0.2115,0.1388,0.3055,0.9369,2.27,0.2923,3.8036,0.5867,0.5012,3442,0.2005,False,1.2219,,4,0,0
Q5-0069,Q5_ROOF_CANDIDATE,,,REVIEW,,only 11 points in the patch,1337.88,1337.79,11,355,7.7064,0.8182,0.8429,0.1311,0.026,0.9528,0.037,0.31,0.0701,7.75,0.5841,0.896,253,-0.1458,False,0.0648,,6,0,6
Q6-0069,Q6_RANDOM,,,REVIEW,,no class has all its cues,1335.38,1335.43,36,325,3.3342,0.0,0.0758,0.9238,0.0004,0.9986,0.041,0.11,0.0109,4.3352,0.2582,0.0226,275,-0.139,True,1.1924,48.869,6,0,6
Q1-0070,Q1_TREE_ON_ROOF,,,REVIEW,,no class has all its cues,1367.5275,1368.02,18,484,3.9964,0.8333,0.5962,0.2885,0.1153,0.648,0.7616,1.6,0.2177,8.6861,0.6873,0.9924,484,0.0047,False,1.2318,,6,5,6
Q2-0070,Q2_BLDG_BACKGROUND,,,REVIEW,,no class has all its cues,1351.4,1351.48,603,2989,0.9848,0.0166,0.8921,0.0502,0.0577,0.2429,0.9468,3.42,0.3369,4.54,0.775,0.6521,1793,-0.1986,False,0.343,,6,0,0
Q3-0070,Q3_VEG_BACKGROUND,,,REVIEW,,no class has all its cues,1340.3500000000001,1340.51,89,1426,2.239,0.7079,0.105,0.7619,0.1332,0.8609,0.3372,1.53,0.1972,5.505,0.4284,0.2628,1027,0.3484,False,6.6908,,5,0,0
Q4-0070,Q4_SHAPE,,,REVIEW,,no class has all its cues,1364.83,1365.43,1159,6765,5.5851,0.6963,0.9132,0.068,0.0188,0.2089,0.976,4.8,0.2242,9.68,0.717,0.9706,6764,0.0715,False,9.5655,,5,5,0
Q5-0070,Q5_ROOF_CANDIDATE,,,REVIEW,,no class has all its cues,1351.21,1351.19,89,1428,7.653,0.3146,0.7372,0.1195,0.1433,0.8522,0.3303,1.11,0.2071,7.9446,0.5181,0.762,1412,-0.3003,True,2.534,416.2091,6,0,6
Q6-0070,Q6_RANDOM,,,REVIEW,GROUND,"at ground height; a thin flat plane; no vegetation returns; outside footprints; a flat plane at ground height is a road, a lawn or bare earth and no cue here separates them (audit 1: 10 of 19 right)",1330.76,1330.82,38,520,0.0632,0.0,0.1523,0.847,0.0007,0.9936,0.0239,0.22,0.0142,9.9624,0.7233,0.9779,293,0.1426,False,5.2052,,3,0,0
Q1-0071,Q1_TREE_ON_ROOF,,,REVIEW,,no class has all its cues,1332.56,1332.69,89,1328,4.2697,0.0,0.023,0.9763,0.0006,0.9984,0.035,0.14,0.0129,11.41,0.6754,0.9389,897,-0.0705,False,99.0,,6,5,0
Q2-0071,Q2_BLDG_BACKGROUND,,,REVIEW,,no class has all its cues,1330.301,1330.33,32,386,0.0843,0.0,0.034,0.9613,0.0047,0.9983,0.0367,0.17,0.0342,8.872,0.8055,0.8892,195,-0.2556,,,,6,0,0
Q3-0071,Q3_VEG_BACKGROUND,,,REVIEW,,no class has all its cues,1354.32,1354.97,32,831,1.2125,0.0,0.1371,0.8606,0.0023,0.9998,0.0089,0.1,0.0251,20.914,0.9573,0.9997,831,0.0384,False,0.949,,4,0,0
Q4-0071,Q4_SHAPE,,,REVIEW,,no class has all its cues,1343.53,1345.48,109,1523,5.7425,1.0,0.7231,0.1132,0.1637,0.0904,0.9953,3.83,0.4025,9.3212,0.692,0.9425,1523,0.157,False,99.0,,5,5,0
Q5-0071,Q5_ROOF_CANDIDATE,,,REVIEW,,no class has all its cues,1330.64,1330.74,150,1514,7.7969,0.46,0.3487,0.4406,0.2107,0.3862,0.8105,1.89,0.2531,8.06,0.7139,0.7395,917,-0.1203,False,0.4133,,6,0,6
Q6-0071,Q6_RANDOM,,,REVIEW,GROUND,"at ground height; a thin flat plane; no vegetation returns; outside footprints; a flat plane at ground height is a road, a lawn or bare earth and no cue here separates them (audit 1: 10 of 19 right)",1364.77,1365.11,33,289,0.3452,0.0,0.1402,0.8592,0.0006,0.9997,0.012,0.07,0.0126,0.44,0.3591,0.0012,211,0.5116,False,99.0,,3,0,0
Q1-0072,Q1_TREE_ON_ROOF,,,REVIEW,,no class has all its cues,1321.5,1321.7,26,431,3.0904,0.4231,0.1112,0.8111,0.0777,0.8845,0.2506,1.38,0.1364,3.744,0.6626,0.269,242,0.0551,False,0.6105,,6,5,6
Q2-0072,Q2_BLDG_BACKGROUND,,,REVIEW,,no class has all its cues,1333.92,1334.64,29,332,3.8828,0.0,0.2044,0.7944,0.0012,0.9999,0.0137,0.08,0.0178,14.5338,0.8676,0.964,332,-0.2492,False,0.9339,,6,0,0
Q3-0072,Q3_VEG_BACKGROUND,,,REVIEW,,no class has all its cues,1355.18,1357.58,84,851,4.6815,0.0,0.1112,0.8869,0.0019,0.9987,0.0491,0.18,0.0226,9.52,0.5294,0.9556,706,-0.1543,,,,5,0,6
Q4-0072,Q4_SHAPE,,,REVIEW,POLE,the surroundings are one vertical line; tall; outside footprints; not green; a bare trunk cannot be told from a pole or wire in leaf-off imagery,1333.01,1333.11,78,3222,4.875,1.0,0.9718,0.017,0.0111,0.0615,0.9978,2.51,0.0823,12.8258,0.9434,0.9762,518,-0.0773,False,4.7216,,5,0,0
Q5-0072,Q5_ROOF_CANDIDATE,,,REVIEW,,no class has all its cues,1330.89,1331.23,29,367,11.03,0.3793,0.5859,0.1492,0.2649,0.7183,0.3691,1.64,0.2956,11.31,0.9249,0.9793,339,-0.1235,False,0.6352,,6,0,6
Q6-0072,Q6_RANDOM,GROUND,,REVIEW,GROUND,"at ground height; a thin flat plane; no vegetation returns; outside footprints; a flat plane at ground height is a road, a lawn or bare earth and no cue here separates them (audit 1: 10 of 19 right)",1361.02,1361.23,85,749,0.2296,0.0,0.0953,0.9042,0.0005,0.9995,0.0295,0.09,0.0116,0.28,nan,nan,2,0.6066,False,8.211,,3,0,0
Q1-0073,Q1_TREE_ON_ROOF,,,REVIEW,,no class has all its cues,1359.7,1359.72,104,1738,2.854,0.4808,0.149,0.841,0.0099,0.9785,0.032,0.58,0.0505,14.6416,0.8626,0.9744,1321,-0.0746,True,0.4438,363.0518,6,5,6
Q2-0073,Q2_BLDG_BACKGROUND,,,REVIEW,,no class has all its cues,1323.67,1323.69,25,389,0.0812,0.0,0.5765,0.422,0.0015,0.9994,0.0314,0.12,0.0212,4.73,0.5683,0.4808,174,-0.197,True,0.2514,154.9213,6,0,0
Q3-0073,Q3_VEG_BACKGROUND,,,REVIEW,,no class has all its cues,1335.8650000000002,1337.01,36,306,2.8369,0.0278,0.2491,0.6574,0.0935,0.9614,0.0218,1.13,0.1623,4.379,0.0967,0.1371,306,0.28,False,99.0,,4,0,0
Q4-0073,Q4_SHAPE,,,REVIEW,,no class has all its cues,1330.13,1330.61,526,6261,9.8089,0.9905,0.6966,0.1223,0.1812,0.0506,0.9956,4.07,0.403,12.14,0.871,0.9906,6259,-0.0015,True,0.5354,271.0699,5,5,0
Q5-0073,Q5_ROOF_CANDIDATE,,,REVIEW,,no class has all its cues,1326.08,1328.04,33,387,4.3794,0.0,0.0173,0.9011,0.0816,0.9982,0.0452,0.45,0.1438,5.0828,0.1317,0.4711,387,0.0339,True,0.221,138.912,5,5,0
Q6-0073,Q6_RANDOM,,,REVIEW,,no class has all its cues,1346.69,1346.98,39,505,10.94,0.2821,0.1966,0.4991,0.3043,0.7337,0.6419,1.92,0.3198,12.1668,0.6304,0.9055,453,0.0442,False,99.0,,5,5,0
Q1-0074,Q1_TREE_ON_ROOF,,,REVIEW,,no class has all its cues,1362.56,1362.85,108,1358,4.412,0.1296,0.2087,0.287,0.5043,0.9711,0.2339,2.18,0.3776,13.41,0.8619,0.9819,1354,-0.0691,True,1.4163,258.3949,6,5,6
Q2-0074,Q2_BLDG_BACKGROUND,,,REVIEW,,no class has all its cues,1328.03,1328.05,32,335,0.1069,0.0,0.3305,0.6121,0.0574,0.9831,0.0074,0.57,0.1291,3.6632,0.6096,0.0325,165,-0.1497,False,0.6499,,6,0,0
Q3-0074,Q3_VEG_BACKGROUND,,,REVIEW,,no class has all its cues,1348.4,1349.81,147,1197,5.3905,0.3401,0.6214,0.141,0.2376,0.1752,0.983,2.08,0.4057,6.42,0.1233,0.6029,992,0.159,False,2.2084,,5,0,0
Q4-0074,Q4_SHAPE,,TREE,AUTO_CANDIDATE,,green (NAIP); canopy returns; points scattered in 3D; tall; outside footprints,1346.96,1348.06,463,4022,12.6062,0.5184,0.9846,0.0021,0.0133,0.0355,0.9992,11.08,0.4534,16.1558,0.9028,0.9918,3988,0.2984,False,11.876,,5,5,0
Q5-0074,Q5_ROOF_CANDIDATE,,,REVIEW,,no class has all its cues,1360.01,1360.66,58,1185,10.2966,1.0,0.3774,0.3845,0.2381,0.7525,0.5018,1.56,0.2384,11.6864,0.7334,0.9787,1172,-0.0316,True,0.8073,173.9999,6,5,0
Q6-0074,Q6_RANDOM,,,REVIEW,,no class has all its cues,1335.04,1335.57,36,281,0.5333,0.0,0.101,0.898,0.001,0.991,0.0873,0.27,0.0163,1.09,0.3438,0.0272,247,0.4993,False,9.8368,,3,0,0
Q1-0075,Q1_TREE_ON_ROOF,,BUILDING_ROOF,AUTO_CANDIDATE,,inside a surveyed footprint of house size; a thin flat plane; flat to gently sloped; above house-eave height; no vegetation returns; not green,1364.46,1364.47,80,2377,3.5916,0.0,0.353,0.6441,0.0029,0.9792,0.0344,0.42,0.0295,14.2396,0.8172,0.9946,2300,-0.001,True,1.7161,418.2993,6,5,6
Q2-0075,Q2_BLDG_BACKGROUND,,,REVIEW,,no class has all its cues,1319.88,1320.02,120,1320,1.978,0.2583,0.8581,0.0817,0.0603,0.0303,0.9966,4.62,0.3412,3.92,0.2468,0.2092,1012,0.0755,False,0.4137,,6,0,0
Q3-0075,Q3_VEG_BACKGROUND,,,REVIEW,,no class has all its cues,1326.88,1327.22,230,2679,1.7852,0.5957,0.5324,0.244,0.2236,0.5572,0.8269,1.97,0.3384,4.7132,0.2354,0.0824,2467,0.0521,False,99.0,,4,0,0
Q4-0075,Q4_SHAPE,,,REVIEW,,no class has all its cues,1349.58,1349.92,670,4604,13.7947,0.1851,0.584,0.216,0.2,0.6752,0.7317,2.61,0.2663,14.91,0.6801,0.9766,4598,0.0673,False,7.1418,,5,5,0
Q5-0075,Q5_ROOF_CANDIDATE,,,REVIEW,,no class has all its cues,1327.57,1327.74,41,494,5.5237,0.3902,0.2112,0.6897,0.099,0.9205,0.3083,1.04,0.1757,5.88,0.4157,0.6794,352,0.0318,False,0.438,,5,5,6
Q6-0075,Q6_RANDOM,,,REVIEW,,no class has all its cues,1366.32,1368.14,34,424,1.88,0.0294,0.0755,0.6022,0.3223,0.9992,0.0391,1.77,0.2861,11.73,0.7757,0.9568,424,-0.0713,False,1.5228,,2,0,0
Q1-0076,Q1_TREE_ON_ROOF,,,REVIEW,,no class has all its cues,1355.39,1356.15,112,960,5.751,0.2054,0.8958,0.0489,0.0553,0.2021,0.9793,3.23,0.3638,9.28,0.5991,0.8364,953,-0.1751,True,1.3725,4086.0684,6,5,6
Q2-0076,Q2_BLDG_BACKGROUND,,,REVIEW,,no class has all its cues,1347.79,1348.42,28,1006,1.3264,0.0,0.7213,0.1707,0.108,0.9372,0.3193,0.76,0.1569,5.6,0.468,0.6978,1006,-0.3059,True,0.3639,303.8723,6,0,0
Q3-0076,Q3_VEG_BACKGROUND,,,REVIEW,,no class has all its cues,1331.18,1331.16,18,963,9.2689,1.0,0.9313,0.0664,0.0023,0.0635,0.9897,4.02,0.0928,11.15,0.3605,0.7997,68,-0.1159,False,99.0,,5,0,0
Q4-0076,Q4_SHAPE,,,REVIEW,POLE,the surroundings are one vertical line; tall; outside footprints; not green; a bare trunk cannot be told from a pole or wire in leaf-off imagery,1329.05,1329.26,1001,6225,4.5707,0.992,0.7901,0.089,0.1209,0.0172,0.963,4.54,0.3507,13.89,0.8921,0.9799,4274,0.1168,False,10.184,,5,5,0
Q5-0076,Q5_ROOF_CANDIDATE,,,REVIEW,,no class has all its cues,1331.75,1332.41,13,433,16.5538,0.6923,0.8198,0.1743,0.0059,0.9899,0.0059,0.17,0.038,17.7,0.9559,0.9896,433,-0.088,True,0.3653,1913.0718,6,0,6
Q6-0076,Q6_RANDOM,,,REVIEW,,no class has all its cues,1357.38,1358.08,64,1523,7.2731,0.6875,0.7734,0.1358,0.0908,0.3138,0.9425,2.0,0.2391,7.7456,0.7104,0.9448,1523,0.1724,False,7.8388,,5,5,0
Q1-0077,Q1_TREE_ON_ROOF,,,REVIEW,,no class has all its cues,1322.5,1322.73,96,919,7.1226,0.3229,0.7196,0.1558,0.1246,0.1128,0.9932,4.34,0.3506,7.55,0.479,0.9114,636,-0.0028,,,,6,5,6
Q2-0077,Q2_BLDG_BACKGROUND,,,REVIEW,,no class has all its cues,1332.23,1332.28,35,321,4.9751,0.2286,0.9328,0.0425,0.0247,0.2051,0.9772,5.16,0.3044,8.59,0.4811,0.7807,309,-0.1996,True,2.0337,192.0269,6,0,0
Q3-0077,Q3_VEG_BACKGROUND,,,REVIEW,,no class has all its cues,1353.65,1357.14,225,2043,4.0404,0.0,0.1865,0.7512,0.0623,0.987,0.1608,0.76,0.1355,6.1416,0.0912,0.2039,2043,0.3749,False,99.0,,4,0,0
Q4-0077,Q4_SHAPE,,,REVIEW,,no class has all its cues,1321.53,1321.61,15,519,2.552,1.0,0.828,0.1436,0.0284,0.9871,0.0106,0.31,0.1011,6.13,0.0713,0.4777,264,0.1976,False,14.11,,5,5,0
Q5-0077,Q5_ROOF_CANDIDATE,,,REVIEW,,no class has all its cues,1347.92,1348.85,64,835,9.2627,0.3281,0.5615,0.3126,0.1259,0.0883,0.9228,2.0,0.2685,9.8,0.5619,0.7994,835,-0.1866,True,3.1851,382.2136,6,0,6
Q6-0077,Q6_RANDOM,,BUILDING_ROOF,AUTO_CANDIDATE,,inside a surveyed footprint of house size; a thin flat plane; flat to gently sloped; above house-eave height; no vegetation returns; not green,1321.6100000000001,1321.77,44,399,3.5011,0.0,0.059,0.9391,0.0019,0.9592,0.2665,0.53,0.0236,4.3704,0.0986,0.2956,334,-0.22,True,1.8823,202.9447,6,0,6
Q1-0078,Q1_TREE_ON_ROOF,,,REVIEW,,no class has all its cues,1326.38,1326.39,29,415,3.7407,0.2414,0.1338,0.3389,0.5273,0.2604,0.5362,2.02,0.355,4.4972,0.0627,0.0672,343,-0.0345,False,0.4187,,6,5,0
Q2-0078,Q2_BLDG_BACKGROUND,,,REVIEW,GROUND,"at ground height; a thin flat plane; no vegetation returns; outside footprints; a flat plane at ground height is a road, a lawn or bare earth and no cue here separates them (audit 1: 10 of 19 right)",1330.65,1330.52,85,1472,-0.0649,0.0,0.7193,0.2785,0.0023,0.9995,0.0163,0.19,0.0257,4.7558,0.5469,0.6865,975,-0.2764,False,0.1593,,6,0,0
Q3-0078,Q3_VEG_BACKGROUND,,TREE,AUTO_CANDIDATE,,green (NAIP); canopy returns; points scattered in 3D; tall; outside footprints,1350.31,1351.64,33,422,3.9082,0.4545,0.6063,0.2065,0.1872,0.2637,0.9364,2.14,0.3396,16.0048,0.902,0.9678,422,0.3155,False,99.0,,5,0,0
Q4-0078,Q4_SHAPE,,,REVIEW,POLE,the surroundings are one vertical line; tall; outside footprints; not green; a bare trunk cannot be told from a pole or wire in leaf-off imagery,1357.5,1357.94,340,6737,15.6175,0.7412,0.3468,0.142,0.5113,0.4694,0.8792,3.15,0.4294,16.92,0.9327,0.9971,6735,0.0539,False,11.8787,,5,5,0
Q5-0078,Q5_ROOF_CANDIDATE,,,REVIEW,,no class has all its cues,1329.49,1329.94,33,311,10.667,0.0,0.1435,0.7632,0.0933,0.9669,0.0897,0.82,0.161,11.51,0.3693,0.6121,310,0.0852,False,5.2397,,5,0,6
Q6-0078,Q6_RANDOM,,,REVIEW,,no class has all its cues,1321.94,1322.11,21,627,5.4119,0.9524,0.5565,0.1849,0.2586,0.5172,0.8307,1.94,0.3352,5.6248,0.1824,0.8754,450,0.1145,False,4.5585,,5,5,0
Q1-0079,Q1_TREE_ON_ROOF,,,REVIEW,,no class has all its cues,1324.6100000000001,1324.62,78,620,4.9712,0.6026,0.8236,0.0905,0.0858,0.1633,0.9865,4.97,0.3717,9.9,0.6857,0.9369,485,0.0388,False,0.3111,,6,5,0
Q2-0079,Q2_BLDG_BACKGROUND,,,REVIEW,,no class has all its cues,1330.25,1330.35,18,366,0.2817,0.0,0.6582,0.3348,0.007,0.9978,0.0651,0.2,0.0422,8.768,0.8513,0.868,249,-0.0185,True,1.5955,8446.3789,6,0,0
Q3-0079,Q3_VEG_BACKGROUND,,,REVIEW,,no class has all its cues,1332.07,1332.81,30,342,6.186,0.1,0.1728,0.7934,0.0338,0.9289,0.3165,0.82,0.0985,6.4236,0.6954,0.8755,342,-0.2322,,,,5,0,6
Q4-0079,Q4_SHAPE,,,REVIEW,,no class has all its cues,1355.64,1356.89,28,837,2.4143,0.4643,0.5067,0.4512,0.0421,0.0093,0.4511,1.33,0.1173,9.04,0.3313,0.8566,510,-0.1861,False,99.0,,4,0,0
Q5-0079,Q5_ROOF_CANDIDATE,,,REVIEW,,no class has all its cues,1362.81,1363.1,82,1015,5.5873,0.5,0.6053,0.2728,0.1219,0.2849,0.9574,2.0,0.2652,11.5216,0.7022,0.9319,950,-0.1343,False,0.4405,,6,5,6
Q6-0079,Q6_RANDOM,,,REVIEW,GROUND,"at ground height; a thin flat plane; no vegetation returns; outside footprints; a flat plane at ground height is a road, a lawn or bare earth and no cue here separates them (audit 1: 10 of 19 right)",1361.44,1361.5,80,964,0.0736,0.0,0.0801,0.9175,0.0024,0.9982,0.0588,0.19,0.0246,6.4902,0.632,0.9858,219,0.1797,False,99.0,,3,0,0
Q1-0080,Q1_TREE_ON_ROOF,,,REVIEW,,no class has all its cues,1325.8700000000001,1326.21,42,620,3.5362,0.2143,0.8364,0.0818,0.0819,0.2253,0.9482,3.49,0.3113,11.361,0.844,0.9545,620,0.0608,False,0.0954,,6,5,0
Q2-0080,Q2_BLDG_BACKGROUND,,,REVIEW,,no class has all its cues,1334.93,1335.04,315,2208,5.2732,0.2571,0.7192,0.0993,0.1815,0.2804,0.9597,2.89,0.4208,8.81,0.1274,0.5751,2187,0.1269,True,2.543,117.4434,6,5,0
Q3-0080,Q3_VEG_BACKGROUND,,,REVIEW,,no class has all its cues,1328.19,1328.93,24,565,1.3379,0.0,0.5145,0.4749,0.0106,0.9904,0.1007,0.34,0.0526,7.3244,0.5147,0.8961,561,0.1484,False,8.2382,,4,0,0
Q4-0080,Q4_SHAPE,,,REVIEW,,no class has all its cues,1350.57,1357.29,90,1146,7.063,0.0111,0.2309,0.6864,0.0827,0.7199,0.6871,1.58,0.1565,15.45,0.789,0.912,1146,0.5118,False,10.274,,4,0,0
Q5-0080,Q5_ROOF_CANDIDATE,,,REVIEW,,no class has all its cues,1333.46,1333.67,20,373,5.863,0.6,0.6212,0.3683,0.0105,0.9277,0.0066,0.4,0.0513,7.3616,0.6752,0.9235,224,-0.0669,True,0.011,632.5358,6,0,6
Q6-0080,Q6_RANDOM,,,REVIEW,,only 10 points in the patch,1330.17,1330.44,10,494,4.369,1.0,0.2787,0.703,0.0183,0.4925,0.8681,1.36,0.0796,5.8428,0.6255,0.882,394,0.4347,False,3.0011,,5,5,0
Q1-0081,Q1_TREE_ON_ROOF,,,REVIEW,,no class has all its cues,1319.77,1319.91,95,1107,3.2306,0.0,0.0588,0.9288,0.0124,0.9815,0.1698,0.37,0.0566,3.3288,0.3993,0.0101,705,-0.0295,False,3.3688,,6,5,0
Q2-0081,Q2_BLDG_BACKGROUND,,,REVIEW,,no class has all its cues,1349.7,1349.93,184,1853,2.3504,0.0,0.3423,0.6536,0.0041,0.9996,0.0229,0.18,0.0335,2.44,0.074,0.0079,1610,-0.0016,False,99.0,,6,0,0
Q3-0081,Q3_VEG_BACKGROUND,,,REVIEW,,no class has all its cues,1359.68,1360.11,177,1564,2.5877,0.2825,0.2981,0.1607,0.5411,0.3112,0.9295,2.37,0.4557,6.17,0.3428,0.5695,1560,0.4137,False,7.5544,,5,0,0
Q4-0081,Q4_SHAPE,,,REVIEW,,only 8 points in the patch,1321.6100000000001,1321.84,8,329,3.8725,1.0,0.9652,0.008,0.0269,0.5098,0.2366,0.42,0.0893,3.9644,0.626,0.8551,93,0.1725,False,5.862,,5,0,0
Q5-0081,Q5_ROOF_CANDIDATE,,,REVIEW,,no class has all its cues,1330.25,1330.29,15,353,10.7453,0.4667,0.7639,0.2351,0.001,0.9514,0.3033,0.51,0.0156,11.4088,0.7699,0.9422,312,-0.0831,True,0.2427,8446.3789,6,0,6
Q6-0081,Q6_RANDOM,,,REVIEW,,no class has all its cues,1330.73,1331.12,35,539,0.4034,0.0,0.0237,0.9759,0.0004,0.9986,0.0337,0.11,0.0104,10.4704,0.799,0.9649,500,0.3202,False,9.6155,,2,0,0
Q1-0082,Q1_TREE_ON_ROOF,,,REVIEW,,no class has all its cues,1355.34,1355.46,86,960,4.3634,0.1395,0.1085,0.886,0.0055,0.9849,0.0179,0.31,0.0376,9.34,0.6018,0.9314,665,-0.0961,False,0.1486,,6,5,6
Q2-0082,Q2_BLDG_BACKGROUND,,,REVIEW,,no class has all its cues,1351.03,1351.47,771,3194,2.509,0.2529,0.869,0.0327,0.0984,0.2296,0.9729,8.04,0.3785,6.42,0.7267,0.7339,3177,-0.0528,,,,6,0,0
Q3-0082,Q3_VEG_BACKGROUND,,,REVIEW,,no class has all its cues,1335.32,1335.53,16,368,4.4319,1.0,0.1674,0.7407,0.0919,0.0496,0.8866,1.89,0.1771,4.3066,0.8749,0.7302,34,0.4733,False,6.8768,,5,0,0
Q4-0082,Q4_SHAPE,,,REVIEW,,no class has all its cues,1335.6000000000001,1336.71,238,2393,19.6701,0.7479,0.9742,0.0059,0.02,0.0874,0.9954,9.83,0.4179,23.35,0.9525,0.9964,2339,0.1695,False,11.9204,,5,5,0
Q5-0082,Q5_ROOF_CANDIDATE,,,REVIEW,,no class has all its cues,1320.7,1320.83,34,414,2.765,0.6176,0.6032,0.259,0.1378,0.6131,0.7543,1.79,0.2448,3.52,0.2263,0.6436,188,-0.072,,,,6,0,6
Q6-0082,Q6_RANDOM,,,REVIEW,,no class has all its cues,1335.18,1336.03,33,311,0.8661,0.0,0.0898,0.9098,0.0004,0.9925,0.1172,0.25,0.0101,2.57,0.1311,0.2253,311,0.0261,False,2.8611,,3,0,0
Q1-0083,Q1_TREE_ON_ROOF,,,REVIEW,,no class has all its cues,1367.05,1367.91,34,426,3.9456,0.5,0.2734,0.326,0.4006,0.7942,0.573,1.5,0.3699,7.095,0.3873,0.8626,426,-0.0446,True,0.1079,310.9404,6,5,6
Q2-0083,Q2_BLDG_BACKGROUND,,,REVIEW,GROUND,"at ground height; a thin flat plane; no vegetation returns; outside footprints; a flat plane at ground height is a road, a lawn or bare earth and no cue here separates them (audit 1: 10 of 19 right)",1335.06,1335.35,26,340,0.3442,0.0,0.642,0.3551,0.003,0.9992,0.0231,0.13,0.0296,4.76,0.6335,0.8204,329,-0.1863,False,0.3159,,6,0,0
Q3-0083,Q3_VEG_BACKGROUND,,,REVIEW,,no class has all its cues,1348.68,1349.73,77,1323,2.1108,0.4416,0.7595,0.1692,0.0713,0.0898,0.9956,2.78,0.2612,5.9512,0.1241,0.7126,1209,0.1772,False,99.0,,4,0,0
Q4-0083,Q4_SHAPE,,,REVIEW,,no class has all its cues,1364.63,1364.91,363,4256,8.783,0.7107,0.7953,0.0541,0.1507,0.1882,0.9819,3.57,0.4235,9.87,0.6963,0.9864,3774,0.2117,False,4.6717,,5,5,0
Q5-0083,Q5_ROOF_CANDIDATE,,,REVIEW,,only 4 points in the patch,1323.18,1323.39,4,398,6.47,1.0,0.8766,0.1233,0.0,0.2494,0.4386,0.99,0.0052,6.28,0.3867,0.272,272,-0.0897,,,,5,5,0
Q6-0083,Q6_RANDOM,,,REVIEW,,no class has all its cues,1327.75,1328.22,37,403,0.6949,0.0541,0.205,0.5907,0.2042,0.845,0.4889,1.11,0.2495,8.2196,0.7425,0.9547,402,-0.1236,False,1.7972,,3,0,0
Q1-0084,Q1_TREE_ON_ROOF,,,REVIEW,,no class has all its cues,1334.77,1334.83,54,387,12.0419,0.3333,0.9667,0.0212,0.0121,0.037,0.9992,9.79,0.3312,14.3428,0.9248,0.9798,387,-0.2434,,,,6,5,6
Q2-0084,Q2_BLDG_BACKGROUND,,,REVIEW,,no class has all its cues,1331.48,1331.64,146,1115,3.2891,0.1712,0.9274,0.0271,0.0455,0.1645,0.9861,4.94,0.3976,5.08,0.3132,0.2352,614,0.0677,True,0.816,369.449,6,0,0
Q3-0084,Q3_VEG_BACKGROUND,,,REVIEW,,no class has all its cues,1350.76,1351.14,114,1409,4.2761,0.0263,0.482,0.0802,0.4378,0.3451,0.8998,4.1,0.4424,8.36,0.6498,0.8731,1403,-0.4155,True,1.3654,416.2091,5,0,6
Q4-0084,Q4_SHAPE,,,REVIEW,,no class has all its cues,1349.5,1350.36,258,3582,9.3785,0.9651,0.2648,0.6382,0.0971,0.9712,0.2378,1.25,0.0958,13.5538,0.9367,0.9707,3582,0.411,False,99.0,,5,5,0
Q5-0084,Q5_ROOF_CANDIDATE,,,REVIEW,,no class has all its cues,1331.19,1331.54,25,387,10.9096,0.6,0.1159,0.5941,0.29,0.0728,0.8977,1.49,0.2902,11.32,0.9207,0.9801,366,-0.0997,False,0.683,,6,5,6
Q6-0084,Q6_RANDOM,,BUILDING_ROOF,AUTO_CANDIDATE,,inside a surveyed footprint of house size; a thin flat plane; flat to gently sloped; above house-eave height; no vegetation returns; not green,1325.6285,1325.99,33,351,7.3906,0.0,0.0126,0.9701,0.0173,0.9295,0.3672,0.77,0.0697,7.6315,0.7348,0.9087,351,-0.2776,True,1.6635,258.1073,6,0,6
Q1-0085,Q1_TREE_ON_ROOF,,,REVIEW,,no class has all its cues,1331.03,1331.0,131,1365,5.1795,0.0,0.5097,0.4474,0.0429,0.6739,0.7385,2.96,0.1497,7.56,0.2031,0.6679,1225,-0.207,True,0.6739,444.4534,6,5,6
Q2-0085,Q2_BLDG_BACKGROUND,,,REVIEW,,no class has all its cues,1348.49,1348.69,62,962,0.52,0.1452,0.3399,0.1991,0.461,0.4168,0.7627,1.89,0.3721,5.45,0.7577,0.8668,641,0.02,,,,6,0,0
Q3-0085,Q3_VEG_BACKGROUND,,,REVIEW,,no class has all its cues,1321.55,1321.68,83,854,1.6949,0.0964,0.3872,0.5414,0.0714,0.9548,0.2968,0.79,0.1455,2.14,0.3299,0.3764,296,-0.0528,False,2.2846,,4,0,0
Q4-0085,Q4_SHAPE,MIXED,TREE,AUTO_CANDIDATE,,green (NAIP); canopy returns; points scattered in 3D; tall; outside footprints,1364.71,1364.89,542,4921,4.3158,0.6384,0.9055,0.0351,0.0594,0.0772,0.997,7.06,0.4177,10.186,0.7325,0.958,4326,0.2548,False,7.5659,,5,5,0
Q5-0085,Q5_ROOF_CANDIDATE,,,REVIEW,,no class has all its cues,1331.68,1332.89,24,306,16.5933,0.4167,0.5889,0.4066,0.0045,0.9853,0.0054,0.29,0.0362,16.66,0.9565,0.9804,302,-0.2458,True,0.106,1913.0718,6,0,6
Q6-0085,Q6_RANDOM,,,REVIEW,,no class has all its cues,1330.92,1331.23,17,532,13.3371,0.7059,0.6196,0.2607,0.1197,0.3005,0.9227,2.0,0.2554,15.4442,0.7379,0.9106,526,0.0883,False,13.2596,,5,5,0
Q1-0086,Q1_TREE_ON_ROOF,,,REVIEW,,no class has all its cues,1348.03,1348.31,139,1526,5.747,0.3597,0.8577,0.0325,0.1098,0.0653,0.9939,3.98,0.4632,14.35,0.8265,0.9919,1423,0.0226,True,1.1269,347.7081,6,5,6
Q2-0086,Q2_BLDG_BACKGROUND,,,REVIEW,,no class has all its cues,1321.71,1321.84,46,535,1.6078,0.2826,0.8771,0.0835,0.0394,0.2959,0.9551,4.25,0.2776,10.5564,0.8188,0.9191,370,-0.1087,True,0.144,203.8601,6,0,0
Q3-0086,Q3_VEG_BACKGROUND,,,REVIEW,,no class has all its cues,1358.16,1360.35,84,1498,4.4895,0.4286,0.7042,0.0973,0.1985,0.0583,0.9873,2.17,0.3259,19.9718,0.9189,0.9989,1498,0.1173,False,8.852,,5,0,0
Q4-0086,Q4_SHAPE,,,REVIEW,,no class has all its cues,1336.8500000000001,1338.71,13,2984,5.5331,0.6923,0.8291,0.1092,0.0617,0.3184,0.9474,2.32,0.1798,21.8,0.9294,0.9995,2981,0.1551,False,5.2002,,5,5,0
Q5-0086,Q5_ROOF_CANDIDATE,,,REVIEW,,no class has all its cues,1334.4050000000002,1335.22,24,355,10.2662,0.375,0.543,0.3842,0.0728,0.9771,0.1967,0.58,0.1369,10.4442,0.8836,0.9608,355,0.0874,True,0.3184,1097.3342,6,0,6
Q6-0086,Q6_RANDOM,,,REVIEW,GROUND,"at ground height; a thin flat plane; no vegetation returns; outside footprints; a flat plane at ground height is a road, a lawn or bare earth and no cue here separates them (audit 1: 10 of 19 right)",1324.5,1324.79,37,323,0.3397,0.0,0.0686,0.9288,0.0025,0.999,0.0302,0.14,0.0259,0.43,0.5602,0.0055,219,-0.3156,False,99.0,,3,0,0
Q1-0087,Q1_TREE_ON_ROOF,,,REVIEW,,no class has all its cues,1330.93,1330.67,42,349,5.2905,0.0,0.1766,0.7486,0.0748,0.9018,0.4029,0.99,0.1463,5.58,0.0857,0.4212,349,-0.0036,True,2.3377,2159.6095,6,5,6
Q2-0087,Q2_BLDG_BACKGROUND,,,REVIEW,,no class has all its cues,1364.31,1364.59,119,1518,0.7383,0.0,0.5887,0.2813,0.13,0.3136,0.9466,2.68,0.2753,5.33,0.5509,0.8318,1426,-0.0725,True,0.0511,395.7291,6,0,0
Q3-0087,Q3_VEG_BACKGROUND,,,REVIEW,,no class has all its cues,1353.43,1355.85,99,1017,4.3767,0.0101,0.0997,0.8578,0.0424,0.923,0.3821,0.93,0.1097,4.62,0.0593,0.0533,1017,0.4854,False,4.6176,,4,0,0
Q4-0087,Q4_SHAPE,,,REVIEW,,no class has all its cues,1349.1100000000001,1349.02,16,3821,7.0281,0.625,0.417,0.5197,0.0633,0.0126,0.8181,1.22,0.1086,15.84,0.9066,0.9937,3272,0.0949,False,4.5978,,5,5,0
Q5-0087,Q5_ROOF_CANDIDATE,,,REVIEW,,no class has all its cues,1360.93,1361.35,85,1865,5.3568,0.4118,0.6761,0.3101,0.0139,0.9595,0.1255,0.5,0.0666,6.28,0.599,0.8676,1857,0.0756,True,0.0071,287.8584,6,0,6
Q6-0087,Q6_RANDOM,,,REVIEW,,no class has all its cues,1333.5045,1334.79,93,796,1.3303,0.0,0.0232,0.9754,0.0014,0.9986,0.0256,0.14,0.0185,1.4755,0.0197,0.0319,796,-0.1026,False,7.0842,,3,0,0
Q1-0088,Q1_TREE_ON_ROOF,,,REVIEW,,no class has all its cues,1329.1100000000001,1329.41,24,349,2.8729,0.4167,0.2862,0.7118,0.002,0.9995,0.0171,0.12,0.0212,2.9004,0.3488,0.5402,310,-0.1796,True,0.1516,210.5464,6,5,6
Q2-0088,Q2_BLDG_BACKGROUND,,,REVIEW,,no class has all its cues,1345.56,1346.87,45,913,1.4762,0.0667,0.0544,0.6255,0.3201,0.7864,0.1429,1.28,0.2651,7.0252,0.6492,0.8653,913,-0.0343,True,0.0862,430.7065,6,0,0
Q3-0088,Q3_VEG_BACKGROUND,,,REVIEW,,no class has all its cues,1329.56,1330.35,37,383,10.5724,0.0541,0.6108,0.36,0.0292,0.6727,0.7397,1.87,0.1274,11.77,0.7936,0.9631,383,0.1277,False,0.5122,,5,0,6
Q4-0088,Q4_SHAPE,,,REVIEW,,no class has all its cues,1347.59,1347.74,73,1082,2.0333,0.8219,0.5664,0.2522,0.1815,0.1276,0.9916,1.96,0.3031,4.8238,0.437,0.6485,805,0.0682,False,1.465,,5,5,0
Q5-0088,Q5_ROOF_CANDIDATE,,,REVIEW,,no class has all its cues,1361.29,1362.82,159,1800,5.9475,0.0566,0.3831,0.2735,0.3434,0.8697,0.4653,1.91,0.3296,7.3602,0.5245,0.8118,1800,0.3092,False,0.3927,,5,0,6
Q6-0088,Q6_RANDOM,,,REVIEW,,no class has all its cues,1331.67,1332.18,89,836,0.5479,0.0,0.2205,0.7784,0.0011,0.9983,0.0381,0.15,0.0174,0.74,0.0225,0.0313,836,-0.1939,False,8.537,,3,0,0
Q1-0089,Q1_TREE_ON_ROOF,,,REVIEW,,no class has all its cues,1334.44,1334.83,52,438,4.42,0.3462,0.5905,0.2264,0.183,0.4539,0.8902,1.52,0.3177,5.01,0.489,0.8398,436,-0.0534,True,0.204,444.5149,6,5,6
Q2-0089,Q2_BLDG_BACKGROUND,,BUILDING_ROOF,AUTO_CANDIDATE,,inside a surveyed footprint of house size; a thin flat plane; flat to gently sloped; above house-eave height; no vegetation returns; not green,1347.88,1349.02,124,1056,5.4761,0.0,0.0024,0.9971,0.0005,0.9997,0.0161,0.07,0.0106,5.54,0.0689,0.0447,1056,-0.0082,True,2.7217,187.1643,6,0,0
Q3-0089,Q3_VEG_BACKGROUND,,,REVIEW,,no class has all its cues,1333.79,1334.24,28,352,1.5632,0.5357,0.6286,0.2653,0.1061,0.5744,0.8117,1.55,0.2278,6.888,0.3253,0.5011,333,0.2191,False,8.5574,,4,0,0
Q4-0089,Q4_SHAPE,,TREE,AUTO_CANDIDATE,,green (NAIP); canopy returns; points scattered in 3D; tall; outside footprints,1346.24,1346.92,210,6299,11.7597,0.781,0.3538,0.3775,0.2686,0.2519,0.8292,2.16,0.3311,15.5504,0.7733,0.9833,6284,0.2558,False,8.1746,,5,5,0
Q5-0089,Q5_ROOF_CANDIDATE,,,REVIEW,,no class has all its cues,1333.77,1334.66,18,357,8.4394,0.5556,0.7459,0.097,0.157,0.5478,0.6629,1.9,0.2669,11.3988,0.8587,0.9665,357,0.1308,True,0.2935,1097.3342,6,0,6
Q6-0089,Q6_RANDOM,,BUILDING_ROOF,AUTO_CANDIDATE,,inside a surveyed footprint of house size; a thin flat plane; flat to gently sloped; above house-eave height; no vegetation returns; not green,1325.94,1326.09,34,343,4.3274,0.0,0.2185,0.7813,0.0002,0.9999,0.0154,0.04,0.0075,4.4848,0.238,0.3492,340,-0.0066,True,2.0576,1153.5889,6,0,6
Q1-0090,Q1_TREE_ON_ROOF,,,REVIEW,,no class has all its cues,1360.74,1360.74,97,1122,6.7836,0.567,0.8938,0.0512,0.055,0.093,0.9954,6.59,0.4087,12.0658,0.6862,0.9596,988,-0.1977,True,0.3163,173.9999,6,5,6
Q2-0090,Q2_BLDG_BACKGROUND,,,REVIEW,,no class has all its cues,1337.33,1337.95,22,349,0.615,0.0,0.5759,0.4119,0.0122,0.9306,0.1011,0.5,0.055,7.9104,0.8283,0.9689,302,-0.0215,,,,6,0,0
Q3-0090,Q3_VEG_BACKGROUND,,,REVIEW,,no class has all its cues,1330.84,1330.96,412,3364,5.03,0.5121,0.8083,0.1318,0.0599,0.4842,0.8371,3.69,0.2255,7.45,0.3835,0.6892,2584,-0.1468,,,,5,0,6
Q4-0090,Q4_SHAPE,,,REVIEW,POLE,the surroundings are one vertical line; tall; outside footprints; not green; a bare trunk cannot be told from a pole or wire in leaf-off imagery,1327.6100000000001,1327.63,1081,8102,9.4644,0.9362,0.9646,0.0176,0.0178,0.1548,0.9868,8.72,0.3074,12.5298,0.8727,0.9454,6245,0.0716,False,8.0285,,5,5,0
Q5-0090,Q5_ROOF_CANDIDATE,,,REVIEW,,no class has all its cues,1327.516,1327.65,22,459,5.4349,1.0,0.2907,0.6897,0.0196,0.6417,0.2549,0.88,0.0709,5.8524,0.553,0.8477,383,-0.2574,False,0.763,,6,0,6
Q6-0090,Q6_RANDOM,,,REVIEW,,no class has all its cues,1351.1200000000001,1351.56,32,301,0.4519,0.0,0.1234,0.8748,0.0018,0.997,0.0541,0.17,0.022,0.58,0.1853,0.0157,282,-0.1036,False,10.4816,,3,0,0
Q1-0091,Q1_TREE_ON_ROOF,,,REVIEW,,no class has all its cues,1331.53,1332.32,68,872,6.1025,0.25,0.2651,0.6445,0.0904,0.7159,0.6981,1.07,0.1616,6.61,0.7247,0.9135,840,-0.0985,,,,6,5,6
Q2-0091,Q2_BLDG_BACKGROUND,,,REVIEW,,no class has all its cues,1330.65,1330.79,17,1402,0.5094,0.0,0.6966,0.2393,0.0641,0.6868,0.6935,0.96,0.1345,5.51,0.5508,0.7975,1121,-0.1545,True,0.3259,167.9866,6,0,0
Q3-0091,Q3_VEG_BACKGROUND,,,REVIEW,,no class has all its cues,1346.15,1346.37,102,1185,1.0722,0.2941,0.6261,0.1237,0.2502,0.402,0.9085,2.85,0.3981,11.7432,0.8987,0.9716,954,0.3434,False,15.1547,,4,0,0
Q4-0091,Q4_SHAPE,UNSURE,TREE,AUTO_CANDIDATE,,green (NAIP); canopy returns; points scattered in 3D; tall; outside footprints,1352.66,1352.89,619,5230,4.8571,0.4136,0.9113,0.0296,0.0591,0.1102,0.9931,6.27,0.4085,6.78,0.52,0.8005,4889,0.3545,False,99.0,,5,5,0
Q5-0091,Q5_ROOF_CANDIDATE,,,REVIEW,,no class has all its cues,1329.69,1330.28,15,375,7.4,1.0,0.2609,0.6883,0.0508,0.4827,0.8756,1.43,0.1353,9.1616,0.8451,0.9454,374,-0.09,False,0.5444,,5,5,6
Q6-0091,Q6_RANDOM,,,REVIEW,,no class has all its cues,1356.64,1360.71,64,1471,6.9194,0.2969,0.7266,0.049,0.2244,0.2447,0.0681,1.7,0.2533,10.64,0.6746,0.861,1471,-0.1466,False,9.2904,,5,5,0
Q1-0092,Q1_TREE_ON_ROOF,,,REVIEW,,no class has all its cues,1320.05,1320.09,125,1850,3.3063,0.08,0.683,0.0418,0.2751,0.163,0.984,4.11,0.467,11.3404,0.7886,0.942,1530,-0.2248,True,0.2879,127.2135,6,5,6
Q2-0092,Q2_BLDG_BACKGROUND,,,REVIEW,,no class has all its cues,1330.21,1330.6,76,1739,0.7245,0.0789,0.5868,0.3631,0.0502,0.4799,0.6031,1.15,0.1403,7.3824,0.6974,0.8888,1739,-0.2233,False,0.0758,,6,0,0
Q3-0092,Q3_VEG_BACKGROUND,,,REVIEW,POLE,the surroundings are one vertical line; tall; outside footprints; not green; a bare trunk cannot be told from a pole or wire in leaf-off imagery,1331.57,1331.62,47,902,9.0121,1.0,0.9838,0.0019,0.0143,0.0348,0.9994,9.83,0.3775,11.33,0.9337,0.9651,123,-0.0575,False,99.0,,5,0,0
Q4-0092,Q4_SHAPE,,,REVIEW,,no class has all its cues,1349.65,1349.97,669,4664,12.9981,0.1599,0.3968,0.2269,0.3763,0.5598,0.7892,2.06,0.3109,14.76,0.7896,0.9395,4520,0.084,False,10.9651,,5,5,0
Q5-0092,Q5_ROOF_CANDIDATE,,,REVIEW,,no class has all its cues,1335.77,1336.12,36,464,9.4267,0.7778,0.2378,0.7235,0.0386,0.9666,0.2458,0.6,0.1076,9.8874,0.4764,0.8711,464,-0.1349,,,,6,5,6
Q6-0092,Q6_RANDOM,,,REVIEW,,no class has all its cues,1365.71,1365.82,36,313,2.7931,0.0,0.1999,0.7997,0.0004,1.0,0.0057,0.04,0.0103,2.83,0.158,0.0342,286,-0.009,True,2.0191,343.5984,6,0,6
Q1-0093,Q1_TREE_ON_ROOF,,,REVIEW,,no class has all its cues,1329.88,1330.41,170,1451,5.1846,0.1647,0.8334,0.0722,0.0945,0.3401,0.9402,3.79,0.3561,8.3,0.7466,0.9134,1451,-0.2219,True,0.7951,165.022,6,5,6
Q2-0093,Q2_BLDG_BACKGROUND,,,REVIEW,,no class has all its cues,1321.94,1322.36,65,530,3.6626,0.4615,0.9095,0.0315,0.0591,0.0894,0.9959,5.54,0.4057,7.8784,0.5941,0.928,529,0.1043,,,,6,0,0
Q3-0093,Q3_VEG_BACKGROUND,,,REVIEW,,no class has all its cues,1365.47,1365.49,33,601,2.207,0.0,0.1857,0.7402,0.0741,0.9673,0.2485,0.68,0.1424,17.0,0.9257,0.9947,548,0.5667,False,0.9433,,5,0,0
Q4-0093,Q4_SHAPE,,,REVIEW,,only 6 points in the patch,1325.22,1325.45,6,384,6.23,0.8333,0.9686,0.0233,0.0081,0.9996,0.0241,0.13,0.048,6.1668,0.5722,0.5761,231,-0.0201,False,0.2246,,5,5,0
Q5-0093,Q5_ROOF_CANDIDATE,,,REVIEW,,no class has all its cues,1333.26,1334.03,22,384,3.9818,0.2727,0.1969,0.7237,0.0794,0.4436,0.8653,1.17,0.1664,4.5834,0.2163,0.6854,384,-0.3273,False,0.6599,,6,5,0
Q6-0093,Q6_RANDOM,,,REVIEW,,only 11 points in the patch,1331.14,1331.92,11,586,14.1991,0.9091,0.3344,0.5685,0.0971,0.2014,0.8536,1.91,0.2099,16.543,0.8706,0.9669,586,0.0799,True,2.2873,1646.1135,5,5,0
Q1-0094,Q1_TREE_ON_ROOF,,,REVIEW,,no class has all its cues,1326.26,1326.43,39,461,4.9377,0.3077,0.345,0.4624,0.1926,0.7774,0.5604,1.3,0.245,10.76,0.6404,0.8665,372,-0.0323,True,0.0157,224.4745,6,5,6
Q2-0094,Q2_BLDG_BACKGROUND,,,REVIEW,,no class has all its cues,1322.54,1322.71,138,1512,1.2944,0.3406,0.5141,0.1998,0.286,0.0032,0.9668,2.12,0.3553,6.51,0.5621,0.8764,1384,-0.1839,False,0.0767,,6,0,0
Q3-0094,Q3_VEG_BACKGROUND,,,REVIEW,,no class has all its cues,1343.162,1345.94,69,924,4.9513,0.1304,0.1555,0.7816,0.0629,0.8659,0.3433,1.25,0.1187,5.228,0.1742,0.3564,924,0.0456,False,5.3703,,5,0,0
Q4-0094,Q4_SHAPE,,,REVIEW,,no class has all its cues,1354.26,1357.06,79,1743,4.6477,0.6962,0.5542,0.3014,0.1444,0.888,0.3296,1.3,0.1903,10.124,0.4692,0.9356,1743,0.4258,False,99.0,,4,0,0
Q5-0094,Q5_ROOF_CANDIDATE,,,REVIEW,,no class has all its cues,1351.45,1352.05,17,363,5.6359,0.5882,0.6613,0.3375,0.0012,0.9976,0.0684,0.12,0.0162,5.79,0.7032,0.8914,337,0.2036,False,0.1181,,6,0,6
Q6-0094,Q6_RANDOM,,,REVIEW,,no class has all its cues,1350.89,1351.34,28,279,0.4668,0.0,0.0902,0.9092,0.0007,0.9995,0.0295,0.07,0.0126,0.73,0.0974,0.0121,279,-0.0177,False,7.7595,,3,0,0
Q1-0095,Q1_TREE_ON_ROOF,,,REVIEW,,no class has all its cues,1335.67,1336.18,40,440,8.3992,0.475,0.9118,0.0095,0.0787,0.0524,0.9835,3.57,0.4356,11.1344,0.8243,0.9553,440,-0.0786,,,,6,5,6
Q2-0095,Q2_BLDG_BACKGROUND,,,REVIEW,,no class has all its cues,1365.6100000000001,1365.94,52,482,2.9312,0.2885,0.9007,0.0485,0.0508,0.1952,0.9797,4.7,0.3462,9.0138,0.5943,0.8256,459,0.3587,False,0.5764,,6,5,0
Q3-0095,Q3_VEG_BACKGROUND,,,REVIEW,,no class has all its cues,1326.9,1327.23,41,346,1.1066,0.122,0.6137,0.2771,0.1092,0.5501,0.8345,2.37,0.2723,3.49,0.2475,0.7204,301,0.3149,False,1.0635,,4,0,0
Q4-0095,Q4_SHAPE,,,REVIEW,,no class has all its cues,1321.6100000000001,1321.96,667,5389,7.153,0.2354,0.5851,0.2479,0.1669,0.52,0.8471,2.71,0.3121,7.83,0.535,0.9198,5235,0.4585,False,99.0,,5,5,0
Q5-0095,Q5_ROOF_CANDIDATE,,,REVIEW,,only 4 points in the patch,1351.56,1351.51,4,346,6.3025,1.0,0.8172,0.1241,0.0587,0.1111,0.3957,0.46,0.0731,6.392,0.3474,0.8241,207,-0.1982,,,,6,0,6
Q6-0095,Q6_RANDOM,,BUILDING_ROOF,AUTO_CANDIDATE,,inside a surveyed footprint of house size; a thin flat plane; flat to gently sloped; above house-eave height; no vegetation returns; not green,1334.94,1335.18,38,309,4.1068,0.0,0.0803,0.9195,0.0002,0.9997,0.0254,0.06,0.0074,4.14,0.0995,0.0008,309,-0.0834,True,4.8133,3748.9471,6,0,6
Q1-0096,Q1_TREE_ON_ROOF,,,REVIEW,,no class has all its cues,1348.27,1348.66,85,1128,7.1531,0.0,0.497,0.4997,0.0033,0.7525,0.6575,1.54,0.0395,8.7246,0.7285,0.9597,1075,-0.0209,,,,6,5,6
Q2-0096,Q2_BLDG_BACKGROUND,,,REVIEW,,no class has all its cues,1368.75,1369.04,35,338,-0.8614,0.1714,0.7665,0.1753,0.0582,0.3009,0.9536,2.43,0.2624,3.9852,0.6162,0.684,249,-0.1619,False,0.114,,6,0,0
Q3-0096,Q3_VEG_BACKGROUND,,,REVIEW,,no class has all its cues,1350.59,1351.66,29,591,3.5503,0.0,0.41,0.4276,0.1624,0.7871,0.6168,1.51,0.2502,9.992,0.587,0.9548,591,0.2768,False,99.0,,5,0,0
Q4-0096,Q4_SHAPE,,,REVIEW,,no class has all its cues,1348.23,1348.72,61,977,1.5105,0.4754,0.3622,0.5271,0.1108,0.4389,0.8983,1.47,0.2124,2.66,0.6931,0.0875,607,0.1316,False,99.0,,4,0,0
Q5-0096,Q5_ROOF_CANDIDATE,,,REVIEW,,no class has all its cues,1357.59,1358.9,22,307,9.1009,0.3636,0.5964,0.32,0.0837,0.986,0.1517,0.65,0.148,10.3804,0.6328,0.8502,307,-0.1324,True,1.1479,330.2592,6,0,6
Q6-0096,Q6_RANDOM,,,REVIEW,,no class has all its cues,1326.93,1327.12,45,432,0.6771,0.2667,0.6076,0.0905,0.3019,0.4681,0.8796,1.99,0.4112,4.27,0.298,0.6739,316,0.2775,False,2.0023,,3,0,0
Q1-0097,Q1_TREE_ON_ROOF,,,REVIEW,,no class has all its cues,1322.79,1322.87,46,605,2.342,0.4783,0.386,0.3241,0.2899,0.6273,0.7489,1.44,0.3334,11.9784,0.8605,0.9627,542,-0.0354,False,0.0506,,6,5,6
Q2-0097,Q2_BLDG_BACKGROUND,,,REVIEW,,no class has all its cues,1349.28,1349.42,99,2707,1.657,0.1616,0.8675,0.0235,0.109,0.3163,0.9371,2.36,0.3555,9.2788,0.6602,0.9169,2503,0.0619,False,4.411,,6,0,0
Q3-0097,Q3_VEG_BACKGROUND,,,REVIEW,,no class has all its cues,1364.3500000000001,1364.49,86,1726,2.295,0.593,0.3094,0.2594,0.4312,0.6486,0.7533,1.47,0.3252,4.18,0.4966,0.6426,1037,0.1681,False,10.7201,,4,0,0
Q4-0097,Q4_SHAPE,,,REVIEW,,no class has all its cues,1346.18,1346.56,302,4293,11.4804,0.543,0.9521,0.0009,0.047,0.0448,0.9987,8.7,0.4756,14.21,0.8391,0.9947,4147,0.247,False,7.4843,,5,5,0
Q5-0097,Q5_ROOF_CANDIDATE,,,REVIEW,,no class has all its cues,1331.3700000000001,1331.61,21,323,11.2605,0.381,0.5469,0.4245,0.0286,0.8623,0.1675,0.49,0.0831,11.47,0.9355,0.9706,275,-0.2325,False,0.3798,,6,0,6
Q6-0097,Q6_RANDOM,,BUILDING_ROOF,AUTO_CANDIDATE,,inside a surveyed footprint of house size; a thin flat plane; flat to gently sloped; above house-eave height; no vegetation returns; not green,1326.19,1326.2,40,449,4.7985,0.0,0.1573,0.8413,0.0014,0.9441,0.3294,0.64,0.0201,10.0716,0.4851,0.7492,449,-0.221,True,1.1324,223.5082,6,0,6
Q1-0098,Q1_TREE_ON_ROOF,,BUILDING_ROOF,AUTO_CANDIDATE,,inside a surveyed footprint of house size; a thin flat plane; flat to gently sloped; above house-eave height; no vegetation returns; not green,1319.93,1320.35,113,2858,3.6,0.0,0.1675,0.8271,0.0054,0.9719,0.2356,0.51,0.0388,17.9658,0.8743,0.9968,2857,0.0695,True,0.7385,173.0532,6,5,6
Q2-0098,Q2_BLDG_BACKGROUND,,,REVIEW,,no class has all its cues,1330.56,1330.55,109,1801,0.0278,0.0,0.5059,0.4926,0.0014,0.9978,0.0213,0.13,0.0192,5.88,0.1317,0.1149,960,-0.2143,,,,6,0,0
Q3-0098,Q3_VEG_BACKGROUND,,,REVIEW,,no class has all its cues,1349.43,1350.15,106,1321,3.2008,1.0,0.2275,0.7704,0.0021,1.0,0.0079,0.13,0.0233,3.97,0.1929,0.4999,1321,-0.043,,,,5,0,0
Q4-0098,Q4_SHAPE,,TREE,AUTO_CANDIDATE,,green (NAIP); canopy returns; points scattered in 3D; tall; outside footprints,1319.96,1320.64,728,5022,3.8624,1.0,0.5583,0.1872,0.2545,0.3108,0.9401,2.84,0.3827,5.69,0.5225,0.8972,5022,0.3557,False,5.8288,,5,5,0
Q5-0098,Q5_ROOF_CANDIDATE,,,REVIEW,,no class has all its cues,1355.2,1355.29,45,1192,9.1964,0.4667,0.5585,0.3279,0.1136,0.2904,0.9167,2.0,0.2342,9.5,0.6208,0.9497,824,-0.0372,False,0.6678,,6,0,6
Q6-0098,Q6_RANDOM,,,REVIEW,GROUND,"at ground height; a thin flat plane; no vegetation returns; outside footprints; a flat plane at ground height is a road, a lawn or bare earth and no cue here separates them (audit 1: 10 of 19 right)",1324.8700000000001,1324.99,38,367,0.1276,0.0,0.1453,0.854,0.0007,0.9994,0.0332,0.09,0.014,5.1872,0.7767,0.6179,84,0.4008,False,4.4337,,3,0,0
Q1-0099,Q1_TREE_ON_ROOF,,,REVIEW,,no class has all its cues,1330.07,1330.56,143,1636,3.919,0.1748,0.1402,0.8562,0.0035,0.9303,0.3639,0.76,0.0308,8.32,0.7425,0.8727,1636,-0.2024,,,,6,5,6
Q2-0099,Q2_BLDG_BACKGROUND,,,REVIEW,,no class has all its cues,1339.98,1340.25,34,324,5.125,0.2353,0.8575,0.0555,0.087,0.2211,0.9749,3.0,0.3829,7.1954,0.315,0.094,311,-0.1548,True,0.8774,2170.9509,6,5,0
Q3-0099,Q3_VEG_BACKGROUND,,,REVIEW,,no class has all its cues,1367.49,1367.69,34,530,0.9771,0.0,0.0967,0.7825,0.1208,0.9577,0.1169,0.88,0.1814,8.531,0.8031,0.9901,332,0.3463,False,4.1728,,4,0,0
Q4-0099,Q4_SHAPE,,,REVIEW,,no class has all its cues,1346.45,1347.82,76,1028,2.7093,0.5,0.3256,0.5282,0.1461,0.9454,0.1873,1.12,0.206,4.6938,0.1072,0.1633,1028,0.094,False,8.7693,,4,0,0
Q5-0099,Q5_ROOF_CANDIDATE,,,REVIEW,,no class has all its cues,1367.52,1368.05,16,377,4.46,0.4375,0.6813,0.3146,0.0041,0.9207,0.0422,0.38,0.0326,14.2372,0.7637,0.9893,377,-0.1624,False,0.7303,,6,5,6
Q6-0099,Q6_RANDOM,,,REVIEW,GROUND,"at ground height; a thin flat plane; no vegetation returns; outside footprints; a flat plane at ground height is a road, a lawn or bare earth and no cue here separates them (audit 1: 10 of 19 right)",1325.89,1325.96,34,296,0.1168,0.0,0.2845,0.7139,0.0016,0.9991,0.0314,0.1,0.0206,0.262,0.9846,0.6416,4,-0.2704,False,5.0679,,3,0,0
Q1-0100,Q1_TREE_ON_ROOF,,BUILDING_ROOF,AUTO_CANDIDATE,,inside a surveyed footprint of house size; a thin flat plane; flat to gently sloped; above house-eave height; no vegetation returns; not green,1335.41,1335.46,168,1710,3.9043,0.0179,0.232,0.7673,0.0008,0.9046,0.4238,0.92,0.0154,8.46,0.5264,0.7608,1421,0.1205,True,0.9176,117.4434,6,5,6
Q2-0100,Q2_BLDG_BACKGROUND,,,REVIEW,,no class has all its cues,1322.59,1322.5,111,1049,7.5227,0.1171,0.3526,0.3625,0.2848,0.75,0.6564,1.55,0.3199,8.92,0.0759,0.0533,1049,-0.0453,True,6.5183,818.8456,6,0,0
Q3-0100,Q3_VEG_BACKGROUND,,,REVIEW,,only 6 points in the patch,1335.1000000000001,1335.22,6,330,9.4933,1.0,0.9746,0.0237,0.0017,0.1298,0.98,4.3,0.082,11.2042,0.9753,0.972,43,0.1669,False,99.0,,5,0,0
Q4-0100,Q4_SHAPE,,,REVIEW,POLE,the surroundings are one vertical line; tall; outside footprints; not green; a bare trunk cannot be told from a pole or wire in leaf-off imagery,1324.84,1325.01,209,3608,10.1695,0.9952,0.6356,0.186,0.1784,0.0457,0.9867,3.21,0.3424,14.4686,0.9198,0.9952,2229,-0.1223,False,2.9188,,5,5,0
Q5-0100,Q5_ROOF_CANDIDATE,,,REVIEW,,no class has all its cues,1325.93,1326.08,26,373,4.1488,0.5,0.1933,0.6132,0.1935,0.2852,0.1993,1.48,0.2492,4.53,0.2411,0.6363,249,-0.0511,False,0.1915,,6,0,6
Q6-0100,Q6_RANDOM,,BUILDING_ROOF,AUTO_CANDIDATE,,inside a surveyed footprint of house size; a thin flat plane; flat to gently sloped; above house-eave height; no vegetation returns; not green,1332.52,1332.48,95,798,6.2692,0.0,0.0799,0.9086,0.0115,0.9979,0.0278,0.21,0.0553,6.35,0.0339,0.0137,798,-0.0476,True,9.1389,1122.9825,6,0,6
Q1-0101,Q1_TREE_ON_ROOF,,,REVIEW,,no class has all its cues,1353.72,1354.64,115,889,4.6447,0.1652,0.8921,0.0725,0.0354,0.2237,0.9742,4.2,0.2929,7.1824,0.5992,0.837,863,-0.244,True,0.4748,227.8958,6,5,6
Q2-0101,Q2_BLDG_BACKGROUND,,BUILDING_ROOF,AUTO_CANDIDATE,,inside a surveyed footprint of house size; a thin flat plane; flat to gently sloped; above house-eave height; no vegetation returns; not green,1349.47,1350.35,513,3779,5.2568,0.0,0.6726,0.3256,0.0018,0.8932,0.4476,0.98,0.0218,13.4964,0.6376,0.8807,3779,-0.1654,True,0.6664,240.8544,6,0,0
Q3-0101,Q3_VEG_BACKGROUND,,,REVIEW,,no class has all its cues,1325.72,1325.74,15,506,1.8127,1.0,0.5445,0.4126,0.0429,0.9775,0.1964,0.68,0.1051,5.357,0.2778,0.3195,325,-0.237,False,0.5499,,4,0,0
Q4-0101,Q4_SHAPE,,,REVIEW,,no class has all its cues,1356.91,1356.96,871,5709,10.7649,0.4856,0.8335,0.1009,0.0657,0.0925,0.9937,4.25,0.2907,13.34,0.8302,0.9957,5213,0.0697,False,2.4828,,5,5,0
Q5-0101,Q5_ROOF_CANDIDATE,,,REVIEW,,no class has all its cues,1330.46,1330.45,42,1446,4.9512,0.4048,0.7256,0.186,0.0885,0.2365,0.8624,1.99,0.1497,7.672,0.7553,0.8028,763,0.1917,False,0.7164,,6,0,6
Q6-0101,Q6_RANDOM,,,REVIEW,GROUND,"at ground height; a thin flat plane; no vegetation returns; outside footprints; a flat plane at ground height is a road, a lawn or bare earth and no cue here separates them (audit 1: 10 of 19 right)",1329.53,1329.52,33,297,0.0291,0.0,0.1938,0.8046,0.0017,0.9995,0.0224,0.11,0.0219,0.1208,nan,nan,0,-0.2102,False,99.0,,3,0,0
Q1-0102,Q1_TREE_ON_ROOF,,,REVIEW,,no class has all its cues,1329.77,1330.55,189,1607,6.2802,0.254,0.9099,0.057,0.0331,0.2164,0.9762,4.59,0.2816,8.74,0.7025,0.9345,1607,-0.2382,True,0.9864,219.3342,6,5,6
Q2-0102,Q2_BLDG_BACKGROUND,,,REVIEW,,no class has all its cues,1334.92,1335.29,25,349,4.2228,0.24,0.4987,0.4665,0.0348,0.5683,0.8216,2.37,0.1347,4.8908,0.0916,0.1258,321,0.1014,False,0.6127,,6,5,0
Q3-0102,Q3_VEG_BACKGROUND,,,REVIEW,,no class has all its cues,1338.8600000000001,1341.3,122,2246,3.683,0.4344,0.8353,0.0841,0.0806,0.1817,0.9832,3.95,0.3691,16.59,0.8423,0.993,2246,0.2498,False,9.8908,,4,0,0
Q4-0102,Q4_SHAPE,,,REVIEW,,no class has all its cues,1345.66,1346.95,535,4983,7.9426,0.6542,0.9185,0.0276,0.0539,0.0458,0.9978,8.12,0.4276,13.19,0.6595,0.9397,4983,0.1594,False,8.4059,,5,5,0
Q5-0102,Q5_ROOF_CANDIDATE,,,REVIEW,,no class has all its cues,1330.27,1330.67,72,1604,5.1288,0.3889,0.2393,0.3372,0.4236,0.7799,0.5982,1.95,0.2529,6.81,0.6732,0.899,1446,-0.295,False,0.5281,,5,0,6
Q6-0102,Q6_RANDOM,,,REVIEW,,no class has all its cues,1338.5,1339.32,29,382,6.5424,0.2414,0.5385,0.2946,0.1669,0.6697,0.7365,2.0,0.2913,7.2038,0.4848,0.9766,371,0.2933,False,5.6422,,5,5,0
Q1-0103,Q1_TREE_ON_ROOF,,,REVIEW,,no class has all its cues,1357.02,1358.29,32,395,4.8125,0.0312,0.1796,0.4249,0.3955,0.8294,0.5328,2.5,0.3525,9.496,0.6908,0.883,395,-0.076,True,0.8824,357.646,6,5,6
Q2-0103,Q2_BLDG_BACKGROUND,BUILDING_ROOF,BUILDING_ROOF,AUTO_CANDIDATE,,inside a surveyed footprint of house size; a thin flat plane; flat to gently sloped; above house-eave height; no vegetation returns; not green,1322.1200000000001,1322.42,97,892,7.7982,0.0,0.1552,0.8443,0.0005,0.9999,0.0077,0.06,0.0115,7.87,0.7238,0.9421,847,-0.0231,True,0.0852,818.8456,6,0,0
Q3-0103,Q3_VEG_BACKGROUND,,,REVIEW,,only 11 points in the patch,1352.8700000000001,1353.4,11,350,2.5682,1.0,0.9373,0.0565,0.0061,0.9519,0.0789,0.23,0.0452,2.6102,0.1622,0.0176,350,0.3137,False,99.0,,5,0,0
Q4-0103,Q4_SHAPE,,,REVIEW,,only 11 points in the patch,1319.76,1319.77,11,913,0.89,0.6364,0.8577,0.0854,0.0569,0.1577,0.9516,1.17,0.1309,0.2076,0.865,0.3714,9,-0.0402,False,99.0,,4,0,0
Q5-0103,Q5_ROOF_CANDIDATE,,,REVIEW,,no class has all its cues,1350.38,1351.11,17,364,6.5088,0.8235,0.4931,0.4896,0.0173,0.9141,0.0461,0.72,0.0649,7.6,0.6361,0.9791,316,-0.1196,True,0.7152,325.5994,5,5,0
Q6-0103,Q6_RANDOM,,,REVIEW,,no class has all its cues,1348.15,1349.04,16,352,4.8075,0.375,0.7795,0.0151,0.2054,0.5512,0.8304,1.96,0.3306,5.9196,0.5615,0.8332,352,0.1423,False,99.0,,5,5,0
Q1-0104,Q1_TREE_ON_ROOF,,,REVIEW,,no class has all its cues,1330.21,1330.52,196,1443,7.4311,0.1633,0.8684,0.0746,0.057,0.2674,0.9608,5.05,0.3203,9.08,0.6745,0.8457,1416,-0.2625,True,1.0039,165.022,6,5,6
Q2-0104,Q2_BLDG_BACKGROUND,,,REVIEW,,no class has all its cues,1348.63,1348.89,27,1007,0.9267,0.037,0.5346,0.3222,0.1432,0.4755,0.4494,1.52,0.1944,7.7788,0.6049,0.9652,840,-0.1184,,,,6,0,0
Q3-0104,Q3_VEG_BACKGROUND,,,REVIEW,,no class has all its cues,1358.26,1358.76,84,854,1.2395,0.0,0.1313,0.8681,0.0006,0.9997,0.0228,0.08,0.0133,3.0894,0.0996,0.0394,843,-0.2907,False,5.7488,,4,0,0
Q4-0104,Q4_SHAPE,,,REVIEW,,no class has all its cues,1350.08,1350.29,1404,6538,5.3922,0.9174,0.9574,0.014,0.0286,0.0068,0.9916,7.7,0.3335,10.82,0.8624,0.9443,6106,0.2254,False,99.0,,5,5,0
Q5-0104,Q5_ROOF_CANDIDATE,,,REVIEW,,no class has all its cues,1355.22,1359.52,82,959,9.4121,0.6951,0.2397,0.4498,0.3105,0.9261,0.3609,1.94,0.3011,9.5884,0.6008,0.9542,959,-0.3075,,,,5,5,6
Q6-0104,Q6_RANDOM,GROUND,,REVIEW,GROUND,"at ground height; a thin flat plane; no vegetation returns; outside footprints; a flat plane at ground height is a road, a lawn or bare earth and no cue here separates them (audit 1: 10 of 19 right)",1338.21,1338.4,35,296,0.2414,0.0,0.2,0.7984,0.0016,0.9989,0.0445,0.14,0.0205,1.058,0.5488,0.9469,75,-0.2163,False,99.0,,3,0,0
Q1-0105,Q1_TREE_ON_ROOF,,,REVIEW,,no class has all its cues,1334.49,1334.92,36,357,7.7853,0.3611,0.9505,0.0238,0.0257,0.1929,0.9812,6.14,0.3405,9.23,0.8642,0.9516,357,-0.0858,,,,6,5,6
Q2-0105,Q2_BLDG_BACKGROUND,,,REVIEW,,no class has all its cues,1360.9,1361.53,96,1153,3.0731,0.3646,0.8997,0.0176,0.0827,0.0384,0.9984,4.98,0.4571,11.12,0.839,0.9569,1141,-0.0092,True,0.586,565.2234,6,0,0
Q3-0105,Q3_VEG_BACKGROUND,,,REVIEW,,no class has all its cues,1363.98,1364.2,103,1025,2.4097,0.3495,0.1195,0.7451,0.1354,0.9004,0.4249,1.02,0.1985,3.28,0.0955,0.5791,730,0.2826,False,1.1447,,5,0,0
Q4-0105,Q4_SHAPE,,,REVIEW,,no class has all its cues,1343.51,1343.59,86,1840,16.1172,0.9767,0.7492,0.1034,0.1474,0.4429,0.8934,3.35,0.3765,18.2922,0.8923,0.986,1217,0.1715,False,7.7504,,5,5,0
Q5-0105,Q5_ROOF_CANDIDATE,,,REVIEW,,no class has all its cues,1323.01,1323.12,32,383,5.59,0.2188,0.6143,0.2215,0.1642,0.7448,0.6056,1.42,0.2579,8.5036,0.4971,0.7689,315,-0.1275,True,0.4261,188.6469,6,0,6
Q6-0105,Q6_RANDOM,,BUILDING_ROOF,AUTO_CANDIDATE,,inside a surveyed footprint of house size; a thin flat plane; flat to gently sloped; above house-eave height; no vegetation returns; not green,1327.32,1327.57,38,323,4.8184,0.0,0.2702,0.7124,0.0174,0.9843,0.1187,0.44,0.0693,4.95,0.0455,0.0628,323,-0.2142,True,3.942,190.1349,6,0,6
Q1-0106,Q1_TREE_ON_ROOF,,,REVIEW,,no class has all its cues,1341.3505000000002,1343.59,114,1588,9.9823,0.3596,0.9552,0.0178,0.027,0.1665,0.986,7.63,0.3564,18.3721,0.8824,0.973,1588,-0.0121,True,1.3677,413.7391,6,5,0
Q2-0106,Q2_BLDG_BACKGROUND,,BUILDING_ROOF,AUTO_CANDIDATE,,inside a surveyed footprint of house size; a thin flat plane; flat to gently sloped; above house-eave height; no vegetation returns; not green,1330.91,1330.26,348,2399,3.4266,0.0,0.7176,0.282,0.0004,1.0,0.005,0.06,0.0103,3.45,0.6501,0.0034,2399,-0.0083,True,5.9051,592.83,6,0,0
Q3-0106,Q3_VEG_BACKGROUND,,,REVIEW,,no class has all its cues,1332.28,1332.84,25,374,2.446,0.48,0.3682,0.6132,0.0186,0.8927,0.2373,0.88,0.0726,7.6454,0.2387,0.8787,374,-0.1789,False,2.6535,,4,0,0
Q4-0106,Q4_SHAPE,,TREE,AUTO_CANDIDATE,,green (NAIP); canopy returns; points scattered in 3D; tall; outside footprints,1357.46,1357.65,423,3979,14.0105,0.8014,0.6107,0.0986,0.2908,0.218,0.9644,3.17,0.4274,15.1744,0.886,0.9967,2519,0.2808,False,6.401,,5,5,0
Q5-0106,Q5_ROOF_CANDIDATE,,,REVIEW,,no class has all its cues,1332.8,1333.24,17,317,6.3582,0.7059,0.7096,0.2774,0.013,0.9874,0.0067,0.28,0.0566,7.64,0.7678,0.9309,314,0.1463,,,,6,0,6
Q6-0106,Q6_RANDOM,,,REVIEW,,no class has all its cues,1320.07,1320.57,136,3646,2.9482,1.0,0.4801,0.395,0.1249,0.2314,0.3399,1.69,0.0851,4.93,0.6226,0.6502,3644,0.1607,False,8.7177,,5,5,0
Q1-0107,Q1_TREE_ON_ROOF,,,REVIEW,,no class has all its cues,1321.66,1321.81,54,1549,2.8685,0.5185,0.5712,0.4212,0.0076,0.9802,0.1979,0.32,0.0353,3.26,0.5352,0.2583,551,-0.0665,False,0.612,,6,5,6
Q2-0107,Q2_BLDG_BACKGROUND,,,REVIEW,,no class has all its cues,1329.77,1322.48,94,908,0.1999,0.0,0.1346,0.8541,0.0112,0.9968,0.078,0.37,0.0539,1.56,0.8822,0.2943,74,-0.0387,True,10.9856,818.8456,6,0,0
Q3-0107,Q3_VEG_BACKGROUND,,,REVIEW,,only 7 points in the patch,1331.64,1331.88,7,361,11.5229,1.0,0.8082,0.1712,0.0206,0.1671,0.9846,3.35,0.1681,12.188,0.9154,0.9938,172,-0.092,False,99.0,,5,0,0
Q4-0107,Q4_SHAPE,,,REVIEW,,no class has all its cues,1351.26,1355.95,223,3231,11.2614,0.713,0.4272,0.2352,0.3376,0.3953,0.889,2.17,0.3718,14.548,0.7358,0.973,3231,0.0249,False,6.6444,,5,5,0
Q5-0107,Q5_ROOF_CANDIDATE,,,REVIEW,,no class has all its cues,1328.16,1328.26,20,400,4.186,0.8,0.7617,0.199,0.0394,0.367,0.8841,1.99,0.1781,4.77,0.6259,0.7833,171,-0.1461,False,0.8485,,6,0,6
Q6-0107,Q6_RANDOM,,,REVIEW,,no class has all its cues,1345.05,1346.29,89,918,1.2643,0.0,0.203,0.7965,0.0005,0.9932,0.1157,0.24,0.0115,5.8,0.3284,0.606,918,-0.1077,False,2.4468,,3,0,0
Q1-0108,Q1_TREE_ON_ROOF,,BUILDING_ROOF,AUTO_CANDIDATE,,inside a surveyed footprint of house size; a thin flat plane; flat to gently sloped; above house-eave height; no vegetation returns; not green,1348.64,1350.13,38,379,6.1858,0.0,0.0935,0.906,0.0005,0.9997,0.0173,0.07,0.0115,11.1064,0.4582,0.7964,379,-0.0405,True,2.825,325.5994,6,5,0
Q2-0108,Q2_BLDG_BACKGROUND,,,REVIEW,,no class has all its cues,1327.38,1327.82,18,349,0.47,0.0,0.5802,0.4181,0.0017,0.9989,0.038,0.15,0.0198,3.99,0.45,0.7608,349,-0.0678,True,0.0395,154.5757,6,0,0
Q3-0108,Q3_VEG_BACKGROUND,,,REVIEW,,no class has all its cues,1337.21,1340.42,74,2014,3.61,0.0135,0.6024,0.3029,0.0947,0.7967,0.5886,1.83,0.1931,10.1274,0.7079,0.9204,2014,0.037,False,99.0,,4,0,0
Q4-0108,Q4_SHAPE,,,REVIEW,,no class has all its cues,1347.3500000000001,1347.4,69,868,1.0406,0.3768,0.2225,0.3693,0.4081,0.0994,0.1338,1.24,0.3348,1.33,0.748,0.3001,159,0.0209,False,3.9757,,4,0,0
Q5-0108,Q5_ROOF_CANDIDATE,,,REVIEW,,no class has all its cues,1355.33,1355.37,48,861,5.3069,0.375,0.5856,0.2931,0.1214,0.1654,0.9554,1.87,0.2373,6.0,0.2825,0.2669,324,-0.134,False,0.5243,,6,5,0
Q6-0108,Q6_RANDOM,GROUND,,REVIEW,GROUND,"at ground height; a thin flat plane; no vegetation returns; outside footprints; a flat plane at ground height is a road, a lawn or bare earth and no cue here separates them (audit 1: 10 of 19 right)",1338.9,1339.06,32,287,0.1681,0.0,0.1251,0.8736,0.0013,0.9996,0.0294,0.1,0.0183,0.23,nan,nan,0,-0.2239,False,4.9628,,2,0,0
Q1-0109,Q1_TREE_ON_ROOF,,,REVIEW,,no class has all its cues,1356.98,1357.78,192,2013,6.4832,0.2969,0.9154,0.0629,0.0217,0.1125,0.9936,4.21,0.2657,8.18,0.7999,0.921,2013,-0.0655,True,0.0138,400.6024,6,5,6
Q2-0109,Q2_BLDG_BACKGROUND,BUILDING_ROOF,BUILDING_ROOF,AUTO_CANDIDATE,,inside a surveyed footprint of house size; a thin flat plane; flat to gently sloped; above house-eave height; no vegetation returns; not green,1320.28,1320.33,110,913,5.8423,0.0,0.0411,0.9581,0.0009,0.9774,0.176,0.42,0.0149,6.4,0.1217,0.1951,878,-0.0435,True,1.8261,2157.2419,6,0,0
Q3-0109,Q3_VEG_BACKGROUND,,,REVIEW,,no class has all its cues,1363.18,1363.19,58,1839,2.9443,0.3621,0.4358,0.5581,0.0061,0.9449,0.0693,0.38,0.0344,14.7824,0.9174,0.9828,1506,0.0692,,,,5,0,6
Q4-0109,Q4_SHAPE,,,REVIEW,,no class has all its cues,1363.53,1363.92,26,2249,11.8927,0.4615,0.5861,0.3907,0.0232,0.0563,0.9766,2.29,0.1128,15.8204,0.9256,0.9862,2223,0.3738,False,10.5387,,5,5,0
Q5-0109,Q5_ROOF_CANDIDATE,,,REVIEW,,no class has all its cues,1333.02,1333.39,22,331,7.5491,0.2273,0.6503,0.341,0.0087,0.871,0.4913,1.03,0.0581,8.408,0.7612,0.906,331,-0.268,True,0.9547,224.5687,5,0,6
Q6-0109,Q6_RANDOM,,,REVIEW,,no class has all its cues,1340.03,1342.82,39,319,3.0221,0.1026,0.1824,0.3751,0.4425,0.8617,0.4798,1.78,0.3691,4.4148,0.108,0.3591,319,0.0629,False,99.0,,3,0,0
Q1-0110,Q1_TREE_ON_ROOF,,,REVIEW,,no class has all its cues,1358.79,1359.36,142,1983,6.0274,0.3028,0.8774,0.0206,0.1021,0.1442,0.9895,3.62,0.4418,15.82,0.8526,0.9987,1983,-0.0498,True,1.8006,363.0518,6,5,6
Q2-0110,Q2_BLDG_BACKGROUND,,,REVIEW,,no class has all its cues,1369.13,1369.19,54,529,4.1928,0.3889,0.5641,0.0873,0.3486,0.1189,0.9885,2.46,0.4378,9.9184,0.6666,0.9018,441,-0.0974,True,0.89,362.2118,6,5,0
Q3-0110,Q3_VEG_BACKGROUND,,,REVIEW,,no class has all its cues,1349.38,1349.84,249,3517,0.7927,0.012,0.3614,0.541,0.0976,0.6607,0.748,2.38,0.2129,10.5868,0.7464,0.9724,2806,0.0016,,,,4,0,0
Q4-0110,Q4_SHAPE,,,REVIEW,,no class has all its cues,1350.25,1350.32,1171,8416,9.0725,0.6311,0.9307,0.0283,0.0411,0.1427,0.9858,9.77,0.346,11.04,0.5719,0.9884,7718,0.0654,False,99.0,,5,5,0
Q5-0110,Q5_ROOF_CANDIDATE,,,REVIEW,,no class has all its cues,1331.48,1331.84,20,373,11.119,0.45,0.7082,0.234,0.0578,0.9762,0.1742,0.59,0.1367,11.3056,0.9289,0.9751,339,-0.1588,False,0.7309,,6,0,6
Q6-0110,Q6_RANDOM,,,REVIEW,,no class has all its cues,1330.66,1330.8,197,1895,0.4561,0.1827,0.3473,0.3313,0.3214,0.7078,0.7062,1.28,0.3404,4.58,0.4511,0.5623,904,-0.086,False,0.9321,,3,0,0
Q1-0111,Q1_TREE_ON_ROOF,,,REVIEW,,no class has all its cues,1335.31,1336.09,78,522,8.2122,0.4487,0.8994,0.0117,0.0888,0.0563,0.9983,4.18,0.4676,10.23,0.6517,0.9438,522,-0.1587,,,,6,5,6
Q2-0111,Q2_BLDG_BACKGROUND,,,REVIEW,,no class has all its cues,1331.6000000000001,1332.09,115,1239,5.3597,0.1043,0.7144,0.0667,0.2189,0.3303,0.9439,6.17,0.4424,6.7524,0.5855,0.891,1239,-0.0648,True,0.0617,100.3467,6,0,0
Q3-0111,Q3_VEG_BACKGROUND,,,REVIEW,,no class has all its cues,1367.91,1367.93,36,401,2.6378,0.1667,0.2428,0.6451,0.1122,0.9959,0.0885,0.94,0.1804,3.08,0.2142,0.3967,255,0.2918,False,0.9207,,5,0,0
Q4-0111,Q4_SHAPE,,,REVIEW,,no class has all its cues,1332.09,1332.05,61,745,1.4079,0.0328,0.2635,0.7092,0.0273,0.9761,0.079,0.78,0.0812,5.51,0.7309,0.6943,401,-0.2622,False,7.3042,,4,0,0
Q5-0111,Q5_ROOF_CANDIDATE,,,REVIEW,,no class has all its cues,1331.6000000000001,1332.89,21,370,11.8367,0.381,0.6166,0.38,0.0034,0.9987,0.0135,0.13,0.0279,11.88,0.905,0.9766,370,-0.0981,,,,6,0,6
Q6-0111,Q6_RANDOM,,,REVIEW,,no class has all its cues,1368.38,1368.88,16,426,6.4012,0.875,0.7659,0.1554,0.0788,0.0457,0.9843,1.62,0.1813,8.22,0.7524,0.9242,426,0.0876,False,99.0,,5,5,0
Q1-0112,Q1_TREE_ON_ROOF,,,REVIEW,,no class has all its cues,1330.58,1330.65,348,2137,5.6045,0.4655,0.8989,0.0419,0.0592,0.1416,0.9896,5.68,0.3953,10.12,0.7054,0.8443,1955,-0.1302,True,0.0776,211.6442,6,5,6
Q2-0112,Q2_BLDG_BACKGROUND,,,REVIEW,,no class has all its cues,1333.42,1333.77,50,357,2.281,0.34,0.8816,0.0179,0.1005,0.0121,0.9999,4.38,0.4675,5.2476,0.2453,0.7322,352,-0.0525,True,0.4289,510.5579,6,0,0
Q3-0112,Q3_VEG_BACKGROUND,,,REVIEW,,no class has all its cues,1351.43,1353.05,29,540,2.1541,0.1379,0.4563,0.3217,0.222,0.8048,0.5933,1.13,0.2707,8.3688,0.542,0.937,540,0.3987,False,99.0,,4,0,0
Q4-0112,Q4_SHAPE,,,REVIEW,,no class has all its cues,1330.3500000000001,1330.6,15,418,6.4207,0.9333,0.8262,0.109,0.0648,0.0168,0.9993,2.87,0.2162,5.959,0.237,0.7326,287,-0.0393,False,2.9158,,5,5,0
Q5-0112,Q5_ROOF_CANDIDATE,,,REVIEW,,no class has all its cues,1352.75,1352.81,17,402,5.8053,0.5294,0.657,0.3414,0.0016,0.9899,0.0018,0.15,0.0188,8.27,0.4216,0.8342,220,-0.1478,False,0.5245,,6,5,6
Q6-0112,Q6_RANDOM,,BUILDING_ROOF,AUTO_CANDIDATE,,inside a surveyed footprint of house size; a thin flat plane; flat to gently sloped; above house-eave height; no vegetation returns; not green,1322.47,1322.49,90,904,7.4541,0.0,0.1221,0.8775,0.0004,0.9997,0.0183,0.08,0.0102,8.0,0.0594,0.011,904,-0.0169,True,3.6145,818.8456,6,0,6
Q1-0113,Q1_TREE_ON_ROOF,,,REVIEW,,no class has all its cues,1354.24,1356.35,1005,4903,5.1669,0.3373,0.7619,0.0512,0.1869,0.2741,0.9568,3.57,0.3922,10.49,0.7583,0.8693,4903,-0.0005,False,6.3982,,6,5,0
Q2-0113,Q2_BLDG_BACKGROUND,,,REVIEW,,no class has all its cues,1350.5,1350.61,44,488,3.2136,0.25,0.9217,0.0141,0.0642,0.0834,0.9961,4.79,0.4436,10.7804,0.7504,0.9496,381,0.2775,,,,6,5,0
Q3-0113,Q3_VEG_BACKGROUND,,,REVIEW,,no class has all its cues,1357.88,1358.14,252,2050,5.1572,0.1349,0.5034,0.2235,0.2732,0.432,0.9013,2.51,0.3968,5.63,0.4947,0.6235,1688,-0.1218,True,0.2539,317.302,5,0,6
Q4-0113,Q4_SHAPE,TREE,TREE,AUTO_CANDIDATE,,green (NAIP); canopy returns; points scattered in 3D; tall; outside footprints,1346.24,1346.7,1022,6802,11.2468,0.7652,0.9706,0.0136,0.0158,0.0796,0.9965,10.44,0.3565,14.92,0.8801,0.9841,6609,0.2978,False,7.7128,,5,5,0
Q5-0113,Q5_ROOF_CANDIDATE,,,REVIEW,,no class has all its cues,1363.93,1364.03,104,1080,3.3204,0.5,0.3106,0.621,0.0683,0.8363,0.5482,0.97,0.1589,3.6742,0.0322,0.0854,903,0.0388,False,0.8828,,6,0,6
Q6-0113,Q6_RANDOM,,,REVIEW,,no class has all its cues,1330.68,1330.72,34,1032,12.8741,0.9118,0.5064,0.1772,0.3164,0.6137,0.7719,1.92,0.3798,13.5538,0.7212,0.9944,668,0.1351,False,13.7613,,5,5,0
Q1-0114,Q1_TREE_ON_ROOF,,,REVIEW,,no class has all its cues,1365.4,1365.06,59,490,4.8719,0.4576,0.7186,0.0671,0.2143,0.103,0.9891,3.23,0.4519,7.6322,0.0887,0.4921,489,0.0744,True,4.0852,385.8175,6,5,0
Q2-0114,Q2_BLDG_BACKGROUND,,,REVIEW,,no class has all its cues,1358.56,1358.73,149,1014,3.4931,0.255,0.9615,0.0248,0.0138,0.1161,0.9932,6.8,0.2996,7.9474,0.5552,0.9039,574,-0.0853,False,0.0824,,6,0,0
Q3-0114,Q3_VEG_BACKGROUND,,,REVIEW,,no class has all its cues,1367.98,1368.37,38,431,1.8071,0.0789,0.2862,0.4829,0.2309,0.8239,0.555,1.82,0.2817,9.51,0.7362,0.9128,369,0.2381,False,6.6163,,4,0,0
Q4-0114,Q4_SHAPE,,,REVIEW,,no class has all its cues,1319.8500000000001,1320.11,38,1222,1.7279,1.0,0.9676,0.021,0.0114,0.6898,0.1242,0.39,0.0471,3.47,0.4694,0.524,771,0.245,True,0.2062,284.5059,4,0,0
Q5-0114,Q5_ROOF_CANDIDATE,,,REVIEW,,no class has all its cues,1332.5355,1333.08,12,264,14.5853,0.0833,0.4381,0.5459,0.016,0.6117,0.725,1.46,0.0821,15.7945,0.9325,0.9684,264,-0.291,True,0.2651,1913.0718,6,0,6
Q6-0114,Q6_RANDOM,,,REVIEW,,only 1 points in the patch,1336.9395,1337.06,1,320,3.8305,1.0,nan,nan,nan,nan,nan,nan,nan,4.2805,0.8224,0.7471,104,-0.1753,False,1.2688,,5,0,6
Q1-0115,Q1_TREE_ON_ROOF,,,REVIEW,,no class has all its cues,1362.0,1362.36,35,324,2.8863,0.2,0.158,0.8413,0.0007,0.9994,0.0337,0.09,0.0137,2.94,0.1764,0.325,295,-0.0586,False,7.4021,,6,5,6
Q2-0115,Q2_BLDG_BACKGROUND,OTHER_STRUCTURE,BUILDING_ROOF,AUTO_CANDIDATE,,inside a surveyed footprint of house size; a thin flat plane; flat to gently sloped; above house-eave height; no vegetation returns; not green,1326.59,1326.71,35,436,3.4197,0.0,0.1247,0.8749,0.0004,0.9996,0.0077,0.07,0.0104,7.752,0.5104,0.6953,409,-0.1568,True,1.257,573.6871,6,0,0
Q3-0115,Q3_VEG_BACKGROUND,,,REVIEW,,no class has all its cues,1354.03,1354.04,91,839,4.4891,0.0,0.182,0.7406,0.0774,0.8963,0.4399,1.43,0.1553,5.06,0.0856,0.2811,839,-0.31,True,4.2607,485.8335,5,0,6
Q4-0115,Q4_SHAPE,,,REVIEW,,no class has all its cues,1349.07,1349.24,37,2066,7.5851,0.5135,0.887,0.0407,0.0722,0.1187,0.9927,4.31,0.3531,16.13,0.8204,0.9967,1757,0.1065,False,99.0,,5,5,0
Q5-0115,Q5_ROOF_CANDIDATE,,,REVIEW,,no class has all its cues,1334.79,1334.83,17,387,13.16,0.4118,0.6948,0.1305,0.1747,0.0161,0.9239,1.62,0.2723,14.2656,0.9054,0.9774,387,-0.0824,,,,6,5,6
Q6-0115,Q6_RANDOM,,,REVIEW,,no class has all its cues,1346.2,1346.91,37,1050,7.6484,0.6216,0.8292,0.115,0.0559,0.3822,0.8941,1.96,0.1542,7.9702,0.6591,0.9145,1050,-0.1084,False,0.7543,,5,5,0
Q1-0116,Q1_TREE_ON_ROOF,,,REVIEW,,no class has all its cues,1322.38,1322.68,43,397,2.9742,0.1163,0.1325,0.7399,0.1276,0.9803,0.182,1.11,0.1895,3.26,0.1402,0.052,333,-0.0152,True,0.438,161.0508,6,5,6
Q2-0116,Q2_BLDG_BACKGROUND,,,REVIEW,GROUND,"at ground height; a thin flat plane; no vegetation returns; outside footprints; a flat plane at ground height is a road, a lawn or bare earth and no cue here separates them (audit 1: 10 of 19 right)",1321.5,1321.64,27,371,0.177,0.0,0.7064,0.2919,0.0017,1.0,0.0043,0.09,0.0231,4.076,0.6721,0.1669,176,-0.0899,False,0.4359,,6,0,0
Q3-0116,Q3_VEG_BACKGROUND,,,REVIEW,,no class has all its cues,1324.34,1324.6,17,666,2.2153,0.9412,0.529,0.1073,0.3637,0.8863,0.4069,1.28,0.2872,9.38,0.7846,0.9698,629,0.3971,False,8.0961,,4,0,0
Q4-0116,Q4_SHAPE,,,REVIEW,POLE,the surroundings are one vertical line; tall; outside footprints; not green; a bare trunk cannot be told from a pole or wire in leaf-off imagery,1334.95,1335.0,350,3167,7.0946,0.6629,0.9906,0.0031,0.0063,0.0371,0.998,14.88,0.3751,16.74,0.8972,0.9873,2752,0.0302,False,3.3711,,5,5,0
Q5-0116,Q5_ROOF_CANDIDATE,,,REVIEW,,no class has all its cues,1323.78,1324.42,21,389,5.79,0.2381,0.5815,0.4082,0.0103,0.951,0.3062,0.58,0.0507,5.98,0.6143,0.8408,389,-0.2205,True,0.0237,397.8014,6,0,6
Q6-0116,Q6_RANDOM,BUILDING_ROOF,BUILDING_ROOF,AUTO_CANDIDATE,,inside a surveyed footprint of house size; a thin flat plane; flat to gently sloped; above house-eave height; no vegetation returns; not green,1331.57,1331.71,32,316,5.8459,0.0,0.0868,0.9127,0.0005,1.0,0.0071,0.05,0.0112,5.87,0.0329,0.0026,316,-0.122,True,4.0452,768.7198,6,0,6
Q1-0117,Q1_TREE_ON_ROOF,,,REVIEW,,no class has all its cues,1334.64,1334.77,85,1011,3.4128,0.2588,0.2469,0.4531,0.3,0.4741,0.2366,2.19,0.3085,4.148,0.3949,0.0481,684,-0.0761,True,0.6893,1341.0573,6,5,6
Q2-0117,Q2_BLDG_BACKGROUND,,,REVIEW,,no class has all its cues,1319.8500000000001,1319.99,118,931,3.7475,0.1864,0.3912,0.353,0.2558,0.607,0.7926,1.43,0.3225,4.634,0.0852,0.2293,909,-0.1226,True,2.3571,172.5381,6,0,0
Q3-0117,Q3_VEG_BACKGROUND,,,REVIEW,,no class has all its cues,1329.54,1330.33,33,321,11.6715,0.0,0.1534,0.8095,0.0371,0.9529,0.186,0.64,0.0948,11.996,0.483,0.9839,321,0.0957,False,1.0431,,5,0,6
Q4-0117,Q4_SHAPE,,TREE,AUTO_CANDIDATE,,green (NAIP); canopy returns; points scattered in 3D; tall; outside footprints,1327.65,1327.82,947,7178,4.0603,0.6536,0.6541,0.139,0.2069,0.2404,0.9686,3.38,0.4104,10.8246,0.6896,0.9378,5709,0.261,False,5.3067,,5,5,0
Q5-0117,Q5_ROOF_CANDIDATE,,,REVIEW,,no class has all its cues,1330.81,1330.9,217,3307,7.9067,0.553,0.779,0.2016,0.0194,0.9625,0.2692,0.68,0.0713,8.07,0.5602,0.8741,3299,-0.0893,True,2.4629,184.3124,6,0,6
Q6-0117,Q6_RANDOM,,,REVIEW,GROUND,"at ground height; a thin flat plane; no vegetation returns; outside footprints; a flat plane at ground height is a road, a lawn or bare earth and no cue here separates them (audit 1: 10 of 19 right)",1331.1000000000001,1331.23,30,292,0.1883,0.0,0.107,0.8884,0.0046,0.9946,0.0977,0.22,0.0355,1.7418,0.7044,0.2078,90,-0.2011,False,5.2495,,3,0,0
Q1-0118,Q1_TREE_ON_ROOF,,,REVIEW,,no class has all its cues,1332.95,1333.39,30,315,4.5243,0.1667,0.3409,0.3746,0.2845,0.4474,0.8681,2.81,0.351,7.866,0.7491,0.8888,315,-0.3066,True,0.1034,224.5687,6,5,6
Q2-0118,Q2_BLDG_BACKGROUND,,,REVIEW,,no class has all its cues,1364.4,1364.73,72,1645,1.0465,0.0,0.6416,0.2899,0.0685,0.7874,0.6152,0.92,0.1448,12.69,0.9025,0.9721,1623,0.209,,,,6,0,0
Q3-0118,Q3_VEG_BACKGROUND,,,REVIEW,,no class has all its cues,1348.3,1349.79,129,1449,2.2814,0.0465,0.0924,0.7751,0.1325,0.9771,0.0069,1.13,0.1852,10.1244,0.7093,0.9252,1435,-0.013,False,0.6411,,4,0,0
Q4-0118,Q4_SHAPE,,,REVIEW,,no class has all its cues,1328.91,1329.55,134,2168,11.3196,0.2239,0.1338,0.4845,0.3817,0.7003,0.7136,2.27,0.3479,18.5986,0.8976,0.9654,2160,0.3042,False,9.7332,,5,5,0
Q5-0118,Q5_ROOF_CANDIDATE,,,REVIEW,,no class has all its cues,1359.38,1359.64,55,907,5.2316,0.6545,0.4856,0.2862,0.2282,0.9679,0.0948,1.87,0.2331,5.3188,0.5711,0.9255,731,-0.1523,True,0.1528,4086.0684,6,5,6
Q6-0118,Q6_RANDOM,,,REVIEW,,no class has all its cues,1330.96,1331.5,33,607,9.9439,0.697,0.3186,0.324,0.3574,0.58,0.6912,2.0,0.3583,10.69,0.8407,0.9823,607,0.2279,False,0.7221,,5,5,0
Q1-0119,Q1_TREE_ON_ROOF,,,REVIEW,,no class has all its cues,1326.88,1327.05,40,692,2.9522,0.075,0.0395,0.9592,0.0013,0.9999,0.0161,0.08,0.0178,13.8136,0.869,0.9869,640,-0.0411,True,0.6659,573.6871,6,5,6
Q2-0119,Q2_BLDG_BACKGROUND,,,REVIEW,,no class has all its cues,1358.14,1358.15,98,1188,0.5905,0.1122,0.5287,0.2234,0.2479,0.8018,0.5535,1.12,0.2897,4.38,0.4105,0.852,566,-0.1206,True,0.1984,317.302,6,0,0
Q3-0119,Q3_VEG_BACKGROUND,,,REVIEW,,no class has all its cues,1354.44,1354.73,55,834,2.1622,0.3636,0.5881,0.3846,0.0273,0.8231,0.0221,0.62,0.0879,2.4,0.4575,0.0172,526,0.3731,False,7.001,,5,0,0
Q4-0119,Q4_SHAPE,,,REVIEW,,no class has all its cues,1364.99,1365.18,307,4745,9.1062,0.2085,0.19,0.5826,0.2275,0.7834,0.5741,1.27,0.2712,13.53,0.4816,0.9716,4499,0.1355,False,1.9214,,5,5,0
Q5-0119,Q5_ROOF_CANDIDATE,,,REVIEW,,only 11 points in the patch,1335.34,1336.39,11,399,11.7427,0.4545,0.3418,0.6543,0.0038,0.9975,0.068,0.1,0.0192,11.7704,0.9059,0.9709,399,-0.1752,False,0.1543,,6,0,6
Q6-0119,Q6_RANDOM,VEHICLE,,REVIEW,GROUND,"at ground height; a thin flat plane; no vegetation returns; outside footprints; a flat plane at ground height is a road, a lawn or bare earth and no cue here separates them (audit 1: 10 of 19 right)",1331.7,1331.86,89,783,0.2254,0.0,0.2391,0.7583,0.0026,0.9999,0.0043,0.12,0.0281,0.3236,0.8913,0.0043,34,-0.2519,False,4.4478,,3,0,0
Q1-0120,Q1_TREE_ON_ROOF,,,REVIEW,,no class has all its cues,1335.41,1335.43,41,324,3.5807,0.122,0.4375,0.3515,0.211,0.7141,0.6606,1.19,0.2764,4.34,0.1217,0.0247,322,-0.0783,True,2.5813,48.869,6,5,0
Q2-0120,Q2_BLDG_BACKGROUND,,,REVIEW,,no class has all its cues,1325.6200000000001,1326.06,523,3934,2.9547,0.3155,0.7384,0.1733,0.0883,0.3514,0.9362,3.35,0.3021,4.25,0.5959,0.6978,3908,-0.0127,True,0.484,235.1375,6,0,0
Q3-0120,Q3_VEG_BACKGROUND,,,REVIEW,POLE,the surroundings are one vertical line; tall; outside footprints; not green; a bare trunk cannot be told from a pole or wire in leaf-off imagery,1322.72,1323.11,118,2026,1.6228,0.2288,0.7253,0.1593,0.1154,0.3203,0.9471,3.0,0.3432,12.555,0.8814,0.9835,1974,0.0704,False,2.7619,,4,0,0
Q4-0120,Q4_SHAPE,,,REVIEW,,no class has all its cues,1350.8500000000001,1352.0,94,838,1.3134,0.0319,0.0638,0.6217,0.3145,0.9566,0.1005,1.36,0.2857,1.9252,0.0611,0.194,838,0.0863,False,7.0921,,4,0,0
Q5-0120,Q5_ROOF_CANDIDATE,,,REVIEW,,no class has all its cues,1330.55,1330.65,106,1416,6.8347,0.2547,0.6539,0.2628,0.0833,0.987,0.1309,0.55,0.1471,7.07,0.6008,0.0618,793,-0.165,True,0.0673,165.022,6,0,6
Q6-0120,Q6_RANDOM,,,REVIEW,,no class has all its cues,1331.66,1332.83,32,312,1.1106,0.0,0.1688,0.8302,0.001,0.93,0.3593,0.74,0.0175,8.84,0.2381,0.751,273,0.3341,False,4.1054,,2,0,0
Q1-0121,Q1_TREE_ON_ROOF,,,REVIEW,,no class has all its cues,1368.05,1368.2,30,379,3.0707,0.2,0.2719,0.7249,0.0032,0.9937,0.0331,0.22,0.0295,6.2644,0.2303,0.2637,240,0.1774,False,2.3964,,6,5,0
Q2-0121,Q2_BLDG_BACKGROUND,,,REVIEW,,no class has all its cues,1330.14,1330.25,81,1296,1.677,0.1235,0.584,0.1819,0.234,0.4669,0.8812,2.21,0.3479,11.591,0.7643,0.9194,1018,-0.1342,True,0.86,164.1868,6,0,0
Q3-0121,Q3_VEG_BACKGROUND,,,REVIEW,,no class has all its cues,1359.69,1359.52,128,1036,5.5466,0.0312,0.0831,0.8265,0.0904,0.9856,0.0378,0.97,0.158,5.75,0.4083,0.4152,869,-0.2555,True,1.358,363.0518,5,0,6
Q4-0121,Q4_SHAPE,,,REVIEW,POLE,the surroundings are one vertical line; tall; outside footprints; not green; a bare trunk cannot be told from a pole or wire in leaf-off imagery,1348.77,1348.85,604,4685,8.8207,0.6772,0.9885,0.0024,0.0091,0.0211,0.9996,14.8,0.4541,14.8732,0.891,0.9997,4474,0.0811,False,5.7825,,5,5,0
Q5-0121,Q5_ROOF_CANDIDATE,,,REVIEW,,no class has all its cues,1347.65,1348.71,39,863,6.7628,0.2564,0.6595,0.2528,0.0877,0.6384,0.7487,1.99,0.1608,9.0476,0.8147,0.9246,863,-0.0953,False,0.7035,,6,5,6
Q6-0121,Q6_RANDOM,,BUILDING_ROOF,AUTO_CANDIDATE,,inside a surveyed footprint of house size; a thin flat plane; flat to gently sloped; above house-eave height; no vegetation returns; not green,1322.6200000000001,1322.94,38,357,3.2395,0.0,0.2059,0.7925,0.0015,0.8922,0.4505,0.83,0.021,5.6788,0.1398,0.3929,357,-0.0548,True,0.2977,186.2552,6,0,6
Q1-0122,Q1_TREE_ON_ROOF,,,REVIEW,,no class has all its cues,1326.89,1327.16,153,1542,5.3588,0.451,0.8507,0.0319,0.1174,0.041,0.9977,4.09,0.4569,10.6054,0.745,0.9867,1478,-0.0584,True,0.3226,221.698,6,5,6
Q2-0122,Q2_BLDG_BACKGROUND,,,REVIEW,,no class has all its cues,1325.96,1326.07,19,333,0.1284,0.0,0.6739,0.3229,0.0032,0.9993,0.0163,0.1,0.0281,6.0228,0.4911,0.1017,176,-0.2121,True,0.1372,172.1927,6,0,0
Q3-0122,Q3_VEG_BACKGROUND,,,REVIEW,,no class has all its cues,1340.78,1345.75,115,998,5.6989,0.2087,0.5173,0.2243,0.2584,0.3963,0.8915,2.02,0.3945,7.1712,0.1346,0.5166,998,-0.079,False,6.0356,,4,0,0
Q4-0122,Q4_SHAPE,,,REVIEW,,only 9 points in the patch,1336.8700000000001,1337.54,9,2034,4.3644,0.8889,0.8329,0.1427,0.0245,0.7355,0.6709,0.85,0.0828,15.1468,0.868,0.9953,1975,0.2194,False,99.0,,5,5,0
Q5-0122,Q5_ROOF_CANDIDATE,,,REVIEW,,no class has all its cues,1327.55,1327.89,18,376,8.3111,0.6667,0.8449,0.1525,0.0026,0.994,0.023,0.2,0.0283,8.33,0.8523,0.9638,370,-0.191,False,1.5088,,5,0,6
Q6-0122,Q6_RANDOM,,,REVIEW,,only 6 points in the patch,1334.76,1334.67,6,412,13.67,1.0,0.9347,0.0586,0.0066,0.9288,0.0578,0.13,0.0271,13.6678,0.8963,0.9717,377,-0.0836,False,1.0212,,6,0,6
Q1-0123,Q1_TREE_ON_ROOF,,,REVIEW,,no class has all its cues,1324.19,1324.18,41,453,3.4915,0.3171,0.7208,0.1328,0.1464,0.3832,0.923,3.2,0.3666,8.036,0.4574,0.7004,381,-0.2634,False,0.1149,,6,5,6
Q2-0123,Q2_BLDG_BACKGROUND,,BUILDING_ROOF,AUTO_CANDIDATE,,inside a surveyed footprint of house size; a thin flat plane; flat to gently sloped; above house-eave height; no vegetation returns; not green,1322.49,1322.5,105,918,7.3403,0.0,0.0478,0.9518,0.0004,0.9997,0.0231,0.06,0.0094,7.41,0.028,0.0223,918,-0.0162,True,3.3834,818.8456,6,0,0
Q3-0123,Q3_VEG_BACKGROUND,,,REVIEW,,no class has all its cues,1369.13,1369.47,18,326,4.1944,0.4444,0.5216,0.4763,0.0021,0.9501,0.2825,0.45,0.0217,5.48,0.7769,0.7908,224,0.3773,True,0.2417,485.0972,5,0,6
Q4-0123,Q4_SHAPE,,,REVIEW,,no class has all its cues,1361.18,1361.15,68,775,1.9272,0.1765,0.2808,0.7066,0.0125,0.993,0.0351,0.61,0.057,1.98,0.8828,0.0959,226,-0.0382,False,5.6445,,4,0,0
Q5-0123,Q5_ROOF_CANDIDATE,,,REVIEW,,no class has all its cues,1332.23,1332.25,17,340,6.8006,0.3529,0.672,0.3241,0.0038,0.97,0.2391,0.43,0.0332,6.95,0.6722,0.9228,253,-0.0958,,,,6,0,6
Q6-0123,Q6_RANDOM,,,REVIEW,,only 10 points in the patch,1349.17,1349.9,10,979,17.966,1.0,0.9818,0.0121,0.006,0.6511,0.1063,0.26,0.0378,14.3344,0.7318,0.991,979,-0.0793,False,99.0,,5,0,0
Q1-0124,Q1_TREE_ON_ROOF,,,REVIEW,,no class has all its cues,1321.53,1321.73,121,1267,5.0326,0.2645,0.6702,0.1419,0.188,0.3813,0.9214,3.04,0.3731,6.08,0.0282,0.0904,1043,-0.1567,True,1.0232,196.9572,6,5,6
Q2-0124,Q2_BLDG_BACKGROUND,,,REVIEW,,no class has all its cues,1334.22,1334.13,18,397,0.0744,0.0,0.6229,0.3198,0.0572,0.9538,0.0529,0.56,0.1253,14.8624,0.7625,0.9627,250,-0.2659,,,,6,0,0
Q3-0124,Q3_VEG_BACKGROUND,,,REVIEW,,no class has all its cues,1349.43,1349.88,20,344,2.3375,1.0,0.2925,0.5476,0.1599,0.5626,0.5862,1.2,0.2073,8.9642,0.7583,0.9332,303,0.117,False,99.0,,4,0,0
Q4-0124,Q4_SHAPE,,,REVIEW,,no class has all its cues,1325.28,1325.6,408,6208,5.5408,0.6324,0.1615,0.4445,0.394,0.9169,0.3992,1.66,0.3432,6.04,0.574,0.9508,5640,0.2309,False,2.1029,,5,5,0
Q5-0124,Q5_ROOF_CANDIDATE,,,REVIEW,,no class has all its cues,1322.94,1323.18,15,354,4.7153,0.6,0.6279,0.3678,0.0043,0.9989,0.0171,0.11,0.0264,5.3482,0.8341,0.8099,190,-0.1235,False,0.6214,,6,0,6
Q6-0124,Q6_RANDOM,BUILDING_ROOF,BUILDING_ROOF,AUTO_CANDIDATE,,inside a surveyed footprint of house size; a thin flat plane; flat to gently sloped; above house-eave height; no vegetation returns; not green,1331.84,1332.21,41,309,5.521,0.0,0.067,0.9324,0.0005,0.9999,0.0013,0.05,0.0119,5.57,0.0106,0.0159,309,-0.1655,True,3.5396,3748.9471,6,0,6
Q1-0125,Q1_TREE_ON_ROOF,,,REVIEW,,no class has all its cues,1326.41,1326.65,34,580,2.505,0.0,0.0337,0.9638,0.0025,0.9996,0.0162,0.13,0.0251,17.4752,0.8997,0.9674,580,-0.2038,True,2.2907,85.4846,6,5,6
Q2-0125,Q2_BLDG_BACKGROUND,,BUILDING_ROOF,AUTO_CANDIDATE,,inside a surveyed footprint of house size; a thin flat plane; flat to gently sloped; above house-eave height; no vegetation returns; not green,1331.48,1331.67,35,376,3.1154,0.0,0.1451,0.8546,0.0003,0.9997,0.0016,0.06,0.0087,3.885,0.1001,0.0013,346,-0.0229,True,2.4239,124.9158,6,0,0
Q3-0125,Q3_VEG_BACKGROUND,,,REVIEW,,no class has all its cues,1350.66,1353.07,168,1187,3.3823,0.3988,0.7497,0.0476,0.2028,0.0971,0.9768,3.54,0.4302,5.0708,0.1085,0.4199,1187,-0.0512,False,5.6574,,4,0,0
Q4-0125,Q4_SHAPE,,TREE,AUTO_CANDIDATE,,green (NAIP); canopy returns; points scattered in 3D; tall; outside footprints,1364.71,1365.03,593,4919,8.887,0.7302,0.8914,0.0513,0.0573,0.2776,0.9525,4.64,0.3238,11.85,0.8789,0.9353,4914,0.3995,False,11.7996,,5,5,0
Q5-0125,Q5_ROOF_CANDIDATE,,,REVIEW,,no class has all its cues,1334.79,1334.71,19,406,13.3763,0.5263,0.4208,0.3273,0.2518,0.1706,0.2176,1.68,0.2333,13.639,0.8623,0.9644,393,-0.1571,False,0.5219,,6,0,6
Q6-0125,Q6_RANDOM,,,REVIEW,,no class has all its cues,1354.57,1355.2,43,1326,4.8316,1.0,0.7474,0.0578,0.1949,0.8561,0.4688,1.89,0.2256,8.97,0.7649,0.9328,1325,0.5222,False,9.1706,,5,5,0
Q1-0126,Q1_TREE_ON_ROOF,,,REVIEW,,no class has all its cues,1327.68,1328.18,45,417,8.2589,0.1333,0.3981,0.4487,0.1532,0.7727,0.6107,1.04,0.2443,8.86,0.8294,0.944,414,-0.0537,True,0.5609,2159.6095,6,5,6
Q2-0126,Q2_BLDG_BACKGROUND,,,REVIEW,,no class has all its cues,1348.1200000000001,1348.68,63,1009,0.5768,0.0,0.4683,0.525,0.0068,0.9997,0.0102,0.23,0.0436,9.34,0.8388,0.9528,996,0.1861,False,0.004,,6,0,0
Q3-0126,Q3_VEG_BACKGROUND,,,REVIEW,,no class has all its cues,1326.57,1326.94,242,3126,1.0006,0.376,0.5851,0.2311,0.1838,0.1531,0.8988,1.9,0.3041,3.575,0.2794,0.3592,2810,0.2146,False,10.0662,,4,0,0
Q4-0126,Q4_SHAPE,,,REVIEW,,no class has all its cues,1330.58,1331.4,100,1312,5.5428,0.18,0.7294,0.1667,0.1039,0.7297,0.6787,1.29,0.1859,5.93,0.6664,0.8636,1312,0.0324,True,0.1772,369.449,5,5,6
Q5-0126,Q5_ROOF_CANDIDATE,,,REVIEW,,no class has all its cues,1330.96,1330.94,110,1387,5.0317,0.5727,0.4198,0.4889,0.0913,0.1748,0.9837,1.57,0.2027,5.7728,0.6117,0.0775,785,0.019,False,0.6079,,6,5,6
Q6-0126,Q6_RANDOM,,,REVIEW,,no class has all its cues,1325.66,1326.0,36,914,20.7553,0.8056,0.2573,0.4233,0.3194,0.6645,0.7447,1.97,0.3357,21.68,0.961,0.9992,869,0.1101,False,2.1148,,5,5,0
Q1-0127,Q1_TREE_ON_ROOF,,,REVIEW,,no class has all its cues,1326.43,1327.11,43,487,6.224,0.7907,0.7487,0.1344,0.1169,0.3925,0.9194,3.18,0.329,8.21,0.7152,0.9756,486,-0.0144,True,0.2923,251.12,6,5,6
Q2-0127,Q2_BLDG_BACKGROUND,,,REVIEW,,no class has all its cues,1334.22,1334.58,27,349,0.4074,0.0,0.5354,0.4634,0.0012,0.9982,0.0541,0.13,0.0181,11.3704,0.9314,0.9768,311,-0.166,False,0.8385,,6,0,0
Q3-0127,Q3_VEG_BACKGROUND,,,REVIEW,,no class has all its cues,1330.46,1332.13,25,385,12.0592,0.32,0.6185,0.3806,0.0009,0.9931,0.1166,0.23,0.0157,12.36,0.9147,0.977,385,-0.0967,True,0.3238,567.6018,5,0,6
Q4-0127,Q4_SHAPE,,,REVIEW,,no class has all its cues,1354.14,1355.02,1027,7594,5.0971,0.8666,0.7728,0.15,0.0772,0.1183,0.9922,4.28,0.2932,10.52,0.7631,0.9896,7594,0.1232,False,99.0,,5,5,0
Q5-0127,Q5_ROOF_CANDIDATE,,,REVIEW,,no class has all its cues,1351.28,1351.48,66,1555,7.4421,0.3788,0.7129,0.1617,0.1254,0.9514,0.1896,0.78,0.1829,9.1292,0.3316,0.8944,1035,-0.2556,,,,6,5,0
Q6-0127,Q6_RANDOM,,,REVIEW,,no class has all its cues,1353.96,1354.34,129,1198,0.4042,0.0,0.1545,0.845,0.0005,0.9994,0.0068,0.1,0.012,0.51,0.0991,0.0053,1172,0.4539,False,99.0,,3,0,0
Q1-0128,Q1_TREE_ON_ROOF,,,REVIEW,,no class has all its cues,1332.02,1332.18,128,1042,4.7004,0.1953,0.7589,0.1496,0.0914,0.3303,0.9438,2.48,0.3086,5.76,0.2972,0.6163,775,0.2388,,,,6,5,6
Q2-0128,Q2_BLDG_BACKGROUND,,,REVIEW,,no class has all its cues,1334.1000000000001,1334.26,60,569,3.4585,0.3667,0.8096,0.0451,0.1453,0.0557,0.9964,2.82,0.4366,9.9364,0.7707,0.9554,533,-0.1089,False,0.2492,,6,0,0
Q3-0128,Q3_VEG_BACKGROUND,,TREE,AUTO_CANDIDATE,,green (NAIP); canopy returns; points scattered in 3D; tall; outside footprints,1355.3600000000001,1359.64,165,1621,5.5162,0.5697,0.6286,0.1279,0.2435,0.3944,0.9119,2.66,0.3964,7.45,0.1125,0.2541,1621,0.2957,False,7.6361,,4,0,0
Q4-0128,Q4_SHAPE,,,REVIEW,,only 9 points in the patch,1339.02,1339.29,9,305,6.3,0.4444,0.7548,0.24,0.0052,0.7377,0.1993,0.45,0.028,9.52,0.889,0.9548,202,-0.1313,False,0.2593,,5,5,6
Q5-0128,Q5_ROOF_CANDIDATE,,,REVIEW,,only 8 points in the patch,1334.72,1334.64,8,393,13.6788,0.75,0.9272,0.0654,0.0073,0.9588,0.0445,0.13,0.0337,13.7,0.8971,0.9672,363,-0.05,False,0.9523,,6,0,6
Q6-0128,Q6_RANDOM,BUILDING_ROOF,BUILDING_ROOF,AUTO_CANDIDATE,,inside a surveyed footprint of house size; a thin flat plane; flat to gently sloped; above house-eave height; no vegetation returns; not green,1327.47,1327.94,45,347,7.9449,0.0,0.0864,0.9132,0.0004,0.9996,0.0225,0.07,0.0099,8.02,0.0778,0.0273,347,-0.0135,True,5.3401,2159.6095,6,0,6
Q1-0129,Q1_TREE_ON_ROOF,,,REVIEW,,no class has all its cues,1352.68,1353.06,63,573,5.3273,0.4921,0.8876,0.0235,0.0889,0.0148,0.9987,4.07,0.4662,9.48,0.5227,0.9344,573,-0.0153,True,2.7366,175.2603,6,5,0
Q2-0129,Q2_BLDG_BACKGROUND,,,REVIEW,,no class has all its cues,1321.8,1322.19,50,479,1.966,0.4,0.8791,0.0496,0.0713,0.2171,0.9759,3.5,0.37,4.45,0.419,0.6961,473,-0.1354,True,0.1042,235.3075,6,0,0
Q3-0129,Q3_VEG_BACKGROUND,,BUILDING_ROOF,AUTO_CANDIDATE,,inside a surveyed footprint of house size; a thin flat plane; flat to gently sloped; above house-eave height; no vegetation returns; not green,1330.01,1330.23,99,1052,3.4482,0.0,0.2518,0.7466,0.0016,0.9481,0.3166,0.58,0.0225,8.2398,0.5255,0.8361,846,-0.2926,True,1.5628,164.1868,5,0,6
Q4-0129,Q4_SHAPE,,,REVIEW,,no class has all its cues,1346.09,1346.14,783,5476,9.9394,0.6335,0.6785,0.1271,0.1943,0.1477,0.9439,3.22,0.3409,13.69,0.6441,0.9521,3976,0.1408,False,2.4875,,5,5,0
Q5-0129,Q5_ROOF_CANDIDATE,,,REVIEW,,no class has all its cues,1329.13,1330.39,138,2008,9.1396,0.413,0.4219,0.313,0.2651,0.413,0.8669,1.95,0.3089,9.37,0.7977,0.9241,2008,-0.2122,,,,6,0,6
Q6-0129,Q6_RANDOM,,,REVIEW,,only 5 points in the patch,1349.5,1350.3,5,1485,11.756,1.0,0.9965,0.0034,0.0001,0.5884,0.1328,0.27,0.0052,11.6,0.7576,0.9688,1485,0.2808,False,99.0,,5,5,0
Q1-0130,Q1_TREE_ON_ROOF,,,REVIEW,,no class has all its cues,1327.3500000000001,1327.95,33,383,3.7579,0.2424,0.1766,0.6959,0.1274,0.9221,0.3851,1.15,0.2019,5.3108,0.3359,0.7292,383,-0.0279,,,,6,5,6
Q2-0130,Q2_BLDG_BACKGROUND,,,REVIEW,,no class has all its cues,1330.1100000000001,1330.24,32,393,3.0169,0.0,0.1376,0.8611,0.0013,0.9998,0.0151,0.09,0.0191,9.0296,0.5818,0.9499,296,-0.0018,False,1.5882,,6,0,0
Q3-0130,Q3_VEG_BACKGROUND,,,REVIEW,,no class has all its cues,1326.32,1326.69,25,461,1.364,0.04,0.436,0.4222,0.1419,0.7317,0.5505,1.43,0.2292,9.99,0.8302,0.9193,443,-0.1462,False,3.337,,4,0,0
Q4-0130,Q4_SHAPE,,,REVIEW,,no class has all its cues,1360.76,1361.0,153,2003,13.6101,0.915,0.877,0.0148,0.1083,0.0434,0.999,5.06,0.489,16.0296,0.9164,0.9903,1685,0.1516,False,1.8433,,5,5,0
Q5-0130,Q5_ROOF_CANDIDATE,,,REVIEW,,no class has all its cues,1330.91,1331.25,17,324,11.1235,0.4706,0.8114,0.1342,0.0544,0.9086,0.2762,0.52,0.1212,11.32,0.9317,0.9739,288,-0.234,False,0.4534,,6,0,6
Q6-0130,Q6_RANDOM,,,REVIEW,,no class has all its cues,1329.46,1329.96,39,326,0.5233,0.0,0.1469,0.8517,0.0014,0.9982,0.0141,0.17,0.0193,0.685,0.0246,0.0286,324,-0.2283,False,99.0,,3,0,0
Q1-0131,Q1_TREE_ON_ROOF,,,REVIEW,,no class has all its cues,1330.9585,1331.77,38,386,4.751,0.3684,0.2812,0.5448,0.1739,0.6308,0.7758,1.08,0.2468,5.4115,0.5383,0.8235,386,-0.2485,,,,6,5,6
Q2-0131,Q2_BLDG_BACKGROUND,,,REVIEW,,no class has all its cues,1332.34,1332.93,60,367,3.755,0.25,0.9697,0.0107,0.0196,0.0641,0.9978,6.17,0.4094,6.72,0.7358,0.9329,367,-0.0626,True,0.3588,490.3838,6,0,0
Q3-0131,Q3_VEG_BACKGROUND,,,REVIEW,,no class has all its cues,1339.64,1340.83,41,684,3.2246,0.4878,0.577,0.2124,0.2106,0.4041,0.9141,2.32,0.326,16.2092,0.8781,0.9945,684,0.1763,False,12.1651,,5,0,0
Q4-0131,Q4_SHAPE,,,REVIEW,POLE,the surroundings are one vertical line; tall; outside footprints; not green; a bare trunk cannot be told from a pole or wire in leaf-off imagery,1352.69,1353.79,103,2441,10.6886,0.9126,0.9257,0.0309,0.0433,0.1547,0.9666,5.06,0.3322,16.12,0.9299,0.9885,2441,0.0061,False,8.9568,,5,5,0
Q5-0131,Q5_ROOF_CANDIDATE,,,REVIEW,,no class has all its cues,1326.44,1326.89,26,387,3.5312,0.5,0.4338,0.4351,0.1311,0.7047,0.6786,1.89,0.2107,6.1228,0.5736,0.859,376,0.0862,False,0.5552,,5,5,0
Q6-0131,Q6_RANDOM,,TREE,AUTO_CANDIDATE,,green (NAIP); canopy returns; points scattered in 3D; tall; outside footprints,1332.41,1333.09,28,515,7.4068,0.7143,0.449,0.3825,0.1685,0.3831,0.8614,1.96,0.2581,10.94,0.8095,0.9604,515,0.3598,False,4.7266,,5,5,0
Q1-0132,Q1_TREE_ON_ROOF,,,REVIEW,,no class has all its cues,1331.13,1331.44,35,435,2.7369,0.0,0.0212,0.9776,0.0012,0.9997,0.0214,0.11,0.017,12.7196,0.8822,0.9852,382,-0.0243,True,1.6834,1646.1135,6,5,6
Q2-0132,Q2_BLDG_BACKGROUND,,,REVIEW,,no class has all its cues,1330.27,1330.55,69,487,4.6932,0.4783,0.9779,0.0043,0.0179,0.0026,0.9998,8.61,0.4259,11.4152,0.7811,0.9802,464,0.1102,False,0.2856,,6,0,0
Q3-0132,Q3_VEG_BACKGROUND,,,REVIEW,,no class has all its cues,1349.38,1349.67,288,3057,1.1668,0.2847,0.3562,0.0511,0.5927,0.5561,0.8019,1.67,0.4566,8.8688,0.6998,0.906,2666,0.4124,False,99.0,,4,0,0
Q4-0132,Q4_SHAPE,,,REVIEW,,no class has all its cues,1361.45,1361.62,54,1288,13.2454,0.6111,0.5303,0.3703,0.0994,0.7155,0.5746,1.51,0.1746,13.6726,0.7835,0.9572,1177,0.1154,False,1.4952,,5,5,0
Q5-0132,Q5_ROOF_CANDIDATE,,,REVIEW,,no class has all its cues,1334.57,1334.92,18,375,8.3089,0.2222,0.4424,0.4928,0.0648,0.3759,0.9213,1.8,0.142,9.2356,0.8582,0.9687,348,-0.1523,,,,6,5,6
Q6-0132,Q6_RANDOM,,,REVIEW,,no class has all its cues,1350.04,1350.58,208,2860,0.5193,0.0,0.0678,0.9287,0.0036,0.9812,0.1931,0.45,0.0302,11.83,0.8552,0.987,2285,0.1408,False,99.0,,3,0,0
Q1-0133,Q1_TREE_ON_ROOF,,BUILDING_ROOF,AUTO_CANDIDATE,,inside a surveyed footprint of house size; a thin flat plane; flat to gently sloped; above house-eave height; no vegetation returns; not green,1351.74,1352.5,121,2702,3.6811,0.0,0.1298,0.868,0.0021,1.0,0.0002,0.12,0.0231,16.3,0.9187,0.9981,2702,0.0852,True,0.5434,211.8441,6,5,6
Q2-0133,Q2_BLDG_BACKGROUND,MIXED,,REVIEW,GROUND,"at ground height; a thin flat plane; no vegetation returns; outside footprints; a flat plane at ground height is a road, a lawn or bare earth and no cue here separates them (audit 1: 10 of 19 right)",1324.94,1324.93,26,617,0.0938,0.0,0.5205,0.4733,0.0061,0.991,0.0695,0.21,0.0411,12.9396,0.8862,0.9752,438,-0.0778,False,0.3102,,6,0,0
Q3-0133,Q3_VEG_BACKGROUND,,,REVIEW,,no class has all its cues,1348.43,1352.08,71,1124,4.6403,0.3521,0.6188,0.0561,0.3251,0.394,0.917,2.49,0.4361,8.4054,0.4342,0.7294,1124,0.0533,False,13.8497,,4,0,0
Q4-0133,Q4_SHAPE,,,REVIEW,,no class has all its cues,1332.9995,1333.24,17,381,2.1011,1.0,0.8814,0.1172,0.0014,0.9997,0.0075,0.09,0.0207,5.0185,0.5557,0.7645,248,-0.0775,False,1.2753,,4,5,0
Q5-0133,Q5_ROOF_CANDIDATE,,,REVIEW,,no class has all its cues,1330.31,1330.16,25,298,8.186,0.32,0.4862,0.5097,0.0041,0.9327,0.0412,0.48,0.0332,9.1306,0.4172,0.0316,169,-0.1965,False,0.5752,,6,0,6
Q6-0133,Q6_RANDOM,GROUND,,REVIEW,GROUND,"at ground height; a thin flat plane; no vegetation returns; outside footprints; a flat plane at ground height is a road, a lawn or bare earth and no cue here separates them (audit 1: 10 of 19 right)",1324.05,1324.2,39,324,0.1874,0.0,0.1606,0.8381,0.0013,0.9998,0.0212,0.08,0.0184,0.23,nan,nan,0,-0.199,False,99.0,,3,0,0
Q1-0134,Q1_TREE_ON_ROOF,,,REVIEW,,no class has all its cues,1326.06,1326.2,34,454,3.4744,0.2941,0.6653,0.1313,0.2034,0.0484,0.9908,1.9,0.3633,9.5076,0.6882,0.8966,426,-0.0036,True,1.4519,586.6122,6,5,6
Q2-0134,Q2_BLDG_BACKGROUND,,,REVIEW,,no class has all its cues,1331.57,1332.29,133,980,2.6576,0.188,0.9597,0.0204,0.02,0.1053,0.9943,5.88,0.3543,6.63,0.6752,0.911,980,-0.1377,False,0.4815,,6,0,0
Q3-0134,Q3_VEG_BACKGROUND,,SHRUB_LOW_VEG,AUTO_CANDIDATE,,green (NAIP); canopy returns; nothing tall nearby; outside footprints,1322.15,1322.39,14,1036,8.2014,1.0,0.9734,0.0246,0.002,0.0013,0.9992,6.69,0.0925,0.37,0.7172,0.9711,229,0.3801,False,8.0439,,5,0,0
Q4-0134,Q4_SHAPE,,TREE,AUTO_CANDIDATE,,green (NAIP); canopy returns; points scattered in 3D; tall; outside footprints,1364.63,1364.61,265,3153,11.4563,0.3887,0.8946,0.0411,0.0642,0.0567,0.9984,7.29,0.4011,14.72,0.5605,0.9513,3132,0.2894,False,8.7016,,5,5,0
Q5-0134,Q5_ROOF_CANDIDATE,,,REVIEW,,no class has all its cues,1332.82,1333.16,16,321,7.0806,0.5,0.5158,0.4542,0.0301,0.6667,0.697,1.13,0.0871,8.65,0.8191,0.9505,309,0.2713,False,0.0945,,6,0,6
Q6-0134,Q6_RANDOM,,,REVIEW,,no class has all its cues,1326.18,1326.36,40,408,4.5457,0.275,0.362,0.6339,0.0041,0.935,0.3537,0.73,0.0359,5.4686,0.5436,0.4546,217,-0.1084,True,0.2514,224.4745,6,0,6
Q1-0135,Q1_TREE_ON_ROOF,,,REVIEW,,no class has all its cues,1348.76,1348.83,144,3791,5.2758,0.1319,0.8582,0.0899,0.0519,0.2692,0.9621,3.78,0.2995,15.4,0.8435,0.9944,3791,-0.0395,True,1.6937,201.0869,6,5,6
Q2-0135,Q2_BLDG_BACKGROUND,,,REVIEW,POLE,the surroundings are one vertical line; tall; outside footprints; not green; a bare trunk cannot be told from a pole or wire in leaf-off imagery,1325.2,1325.62,59,682,1.7769,0.339,0.7777,0.1327,0.0896,0.2462,0.9692,3.0,0.3438,16.1914,0.9162,0.9993,583,0.1193,False,0.2956,,6,0,0
Q3-0135,Q3_VEG_BACKGROUND,,,REVIEW,,no class has all its cues,1348.27,1348.24,97,1157,0.2581,0.0309,0.1859,0.5953,0.2188,0.915,0.3813,1.06,0.2556,6.6288,0.6874,0.8961,620,0.0392,False,4.627,,4,0,0
Q4-0135,Q4_SHAPE,,,REVIEW,POLE,the surroundings are one vertical line; tall; outside footprints; not green; a bare trunk cannot be told from a pole or wire in leaf-off imagery,1364.79,1364.85,759,4808,11.0864,0.5547,0.9636,0.0196,0.0168,0.0673,0.9977,13.1,0.3702,14.92,0.8819,0.9759,3985,0.1307,False,2.3677,,5,5,0
Q5-0135,Q5_ROOF_CANDIDATE,,,REVIEW,,no class has all its cues,1334.16,1333.83,17,389,13.03,0.4706,0.2369,0.7466,0.0165,0.618,0.7853,1.57,0.0824,14.15,0.824,0.9253,292,-0.1964,,,,6,5,6
Q6-0135,Q6_RANDOM,,,REVIEW,,no class has all its cues,1331.94,1332.42,35,285,0.4863,0.0,0.2308,0.7664,0.0028,0.9983,0.0582,0.17,0.0282,0.64,0.0619,0.0488,283,-0.2589,False,6.0628,,3,0,0
Q1-0136,Q1_TREE_ON_ROOF,,,REVIEW,,no class has all its cues,1325.95,1326.12,34,361,5.5359,0.3235,0.7325,0.0559,0.2116,0.4872,0.8676,2.27,0.3736,6.4,0.6641,0.8103,263,-0.0683,True,0.1198,207.6678,6,5,6
Q2-0136,Q2_BLDG_BACKGROUND,,,REVIEW,,no class has all its cues,1348.25,1348.44,116,1057,3.7191,0.2672,0.8222,0.0169,0.1609,0.0341,0.9986,5.43,0.4841,10.2228,0.6949,0.8834,926,-0.1047,True,0.4458,169.3713,6,0,0
Q3-0136,Q3_VEG_BACKGROUND,,,REVIEW,,no class has all its cues,1331.56,1331.59,30,888,7.663,1.0,0.8962,0.0745,0.0293,0.0317,0.9993,4.69,0.3095,11.2426,0.4452,0.9805,92,-0.1847,False,99.0,,5,0,0
Q4-0136,Q4_SHAPE,,TREE,AUTO_CANDIDATE,,green (NAIP); canopy returns; points scattered in 3D; tall; outside footprints,1350.04,1351.68,804,4855,10.1351,0.7376,0.8792,0.072,0.0487,0.1643,0.9691,6.58,0.3099,19.1092,0.8995,0.9823,4855,0.2896,False,99.0,,5,5,0
Q5-0136,Q5_ROOF_CANDIDATE,,,REVIEW,,no class has all its cues,1324.88,1325.27,21,375,4.7586,0.3333,0.649,0.3058,0.0452,0.2119,0.9773,1.98,0.1689,6.6852,0.6561,0.8688,330,-0.123,False,0.9656,,6,0,6
Q6-0136,Q6_RANDOM,,,REVIEW,,no class has all its cues,1330.5,1330.84,13,333,2.8792,0.6154,0.7182,0.2329,0.0489,0.0867,0.8495,1.8,0.1486,3.23,0.3716,0.624,225,-0.1031,False,0.8498,,6,0,6
Q1-0137,Q1_TREE_ON_ROOF,,,REVIEW,,no class has all its cues,1332.82,1333.38,34,336,4.2388,0.1765,0.3043,0.6693,0.0264,0.9292,0.242,0.71,0.0893,8.66,0.7745,0.9077,336,-0.1431,,,,6,5,6
Q2-0137,Q2_BLDG_BACKGROUND,,,REVIEW,,no class has all its cues,1332.82,1332.76,40,387,0.6373,0.175,0.5379,0.2369,0.2252,0.3068,0.9397,1.67,0.3295,4.7056,0.45,0.1187,227,-0.3601,False,0.0612,,6,0,0
Q3-0137,Q3_VEG_BACKGROUND,,,REVIEW,,no class has all its cues,1332.69,1332.8,83,2140,0.6035,0.0241,0.4738,0.4243,0.1019,0.7548,0.654,1.12,0.2107,18.0022,0.9133,0.9957,1732,0.038,False,99.0,,4,0,0
Q4-0137,Q4_SHAPE,,,REVIEW,,no class has all its cues,1349.6200000000001,1353.39,333,4443,13.5919,0.8829,0.974,0.0038,0.0223,0.0183,0.9998,11.4,0.4551,19.48,0.8975,0.998,4443,0.2025,False,9.3401,,5,5,0
Q5-0137,Q5_ROOF_CANDIDATE,,,REVIEW,,no class has all its cues,1330.56,1331.14,15,374,10.8627,0.4667,0.778,0.215,0.007,0.9464,0.3196,0.54,0.044,11.6708,0.8773,0.9604,374,0.0674,,,,6,0,6
Q6-0137,Q6_RANDOM,,,REVIEW,,only 6 points in the patch,1334.47,1334.88,6,466,11.6467,1.0,0.8454,0.137,0.0176,0.6609,0.6826,0.67,0.0399,12.982,0.8945,0.9887,440,0.2255,False,0.0107,,5,5,0
Q1-0138,Q1_TREE_ON_ROOF,,,REVIEW,,no class has all its cues,1361.8,1362.44,95,940,3.704,0.0,0.0716,0.9272,0.0012,0.9996,0.0056,0.13,0.0173,3.76,0.0469,0.413,940,-0.0618,False,6.1657,,6,5,0
Q2-0138,Q2_BLDG_BACKGROUND,,,REVIEW,,no class has all its cues,1333.21,1333.6,49,344,1.3067,0.2857,0.7971,0.0926,0.1102,0.2784,0.9602,2.4,0.3644,2.7514,0.0233,0.5193,306,0.1974,True,0.0503,69.1157,6,0,0
Q3-0138,Q3_VEG_BACKGROUND,,,REVIEW,,no class has all its cues,1353.18,1355.95,77,930,5.6348,0.4935,0.517,0.3677,0.1154,0.3803,0.8882,2.54,0.2315,6.57,0.4096,0.7072,930,0.0863,False,12.433,,5,0,0
Q4-0138,Q4_SHAPE,,,REVIEW,,no class has all its cues,1325.55,1325.68,1120,3998,1.0292,0.417,0.7512,0.069,0.1799,0.2002,0.9618,2.45,0.3793,3.28,0.6429,0.4637,2779,0.1524,False,2.1014,,4,0,0
Q5-0138,Q5_ROOF_CANDIDATE,,,REVIEW,,no class has all its cues,1325.73,1325.77,17,411,5.7524,0.4118,0.7512,0.2289,0.0199,0.9844,0.0292,0.31,0.078,5.886,0.5293,0.6558,289,-0.2742,False,0.0976,,6,0,6
Q6-0138,Q6_RANDOM,,,REVIEW,GROUND,"at ground height; a thin flat plane; no vegetation returns; outside footprints; a flat plane at ground height is a road, a lawn or bare earth and no cue here separates them (audit 1: 10 of 19 right)",1333.77,1333.88,36,286,0.1356,0.0,0.0755,0.9236,0.0009,0.9995,0.0221,0.09,0.0153,0.323,0.914,0.3747,10,0.3427,False,8.311,,3,0,0
Q1-0139,Q1_TREE_ON_ROOF,,,REVIEW,,no class has all its cues,1330.1100000000001,1330.45,542,5454,2.8245,0.0,0.104,0.8952,0.0008,0.9995,0.0205,0.12,0.0144,12.79,0.8943,0.9912,4956,-0.0133,True,0.9295,271.0699,6,5,0
Q2-0139,Q2_BLDG_BACKGROUND,,,REVIEW,,no class has all its cues,1321.84,1322.21,22,374,0.4123,0.0,0.6089,0.3903,0.0008,0.9999,0.0169,0.07,0.0141,5.2254,0.5746,0.832,374,-0.1154,False,0.4796,,6,0,0
Q3-0139,Q3_VEG_BACKGROUND,,,REVIEW,,no class has all its cues,1355.68,1358.4,42,300,3.3252,0.2619,0.673,0.0904,0.2366,0.0548,0.9954,2.43,0.4256,4.6606,0.0488,0.1048,300,0.2303,False,4.5407,,4,0,0
Q4-0139,Q4_SHAPE,,,REVIEW,,only 4 points in the patch,1331.55,1332.4,4,878,5.08,1.0,0.9861,0.0134,0.0005,0.6122,0.0631,0.09,0.0072,6.6046,0.7492,0.9189,848,-0.1019,,,,5,5,6
Q5-0139,Q5_ROOF_CANDIDATE,,,REVIEW,,no class has all its cues,1355.19,1355.3,48,1208,9.3627,0.5625,0.3161,0.5162,0.1677,0.4917,0.8649,2.0,0.2094,9.5186,0.5808,0.9633,824,-0.0571,False,0.6813,,6,0,6
Q6-0139,Q6_RANDOM,,TREE,AUTO_CANDIDATE,,green (NAIP); canopy returns; points scattered in 3D; tall; outside footprints,1322.48,1322.62,95,2000,13.9912,0.7053,0.2247,0.351,0.4243,0.9603,0.1889,1.8,0.3326,16.2902,0.8213,0.9551,1786,0.3596,False,99.0,,5,5,0
Q1-0140,Q1_TREE_ON_ROOF,,,REVIEW,,no class has all its cues,1364.57,1364.82,264,2190,5.2642,0.6515,0.849,0.0267,0.1244,0.0036,0.9999,3.81,0.4559,9.6622,0.7133,0.9645,2174,0.209,True,0.5157,418.2993,6,5,6
Q2-0140,Q2_BLDG_BACKGROUND,,BUILDING_ROOF,AUTO_CANDIDATE,,inside a surveyed footprint of house size; a thin flat plane; flat to gently sloped; above house-eave height; no vegetation returns; not green,1333.06,1333.21,41,325,5.1834,0.0,0.2025,0.7964,0.0011,0.9997,0.0073,0.08,0.0175,5.2352,0.1138,0.0014,325,-0.1412,True,3.9034,490.3838,6,0,0
Q3-0140,Q3_VEG_BACKGROUND,,,REVIEW,,no class has all its cues,1360.55,1361.78,95,1609,2.9914,0.0526,0.3788,0.4657,0.1555,0.7257,0.6825,1.64,0.2511,11.5136,0.7725,0.9785,1608,0.0057,False,10.0426,,4,0,0
Q4-0140,Q4_SHAPE,,,REVIEW,POLE,the surroundings are one vertical line; tall; outside footprints; not green; a bare trunk cannot be told from a pole or wire in leaf-off imagery,1356.3500000000001,1356.69,315,2716,6.8711,0.6571,0.9765,0.0048,0.0187,0.035,0.9986,9.41,0.4316,12.144,0.879,0.9887,2713,0.0666,False,7.6629,,5,5,0
Q5-0140,Q5_ROOF_CANDIDATE,,,REVIEW,,no class has all its cues,1334.91,1335.39,33,400,8.7206,0.2424,0.4926,0.4335,0.0739,0.6937,0.6899,1.74,0.1788,10.5,0.8079,0.9904,399,-0.2174,True,0.1387,1080.2198,6,0,6
Q6-0140,Q6_RANDOM,,BUILDING_ROOF,AUTO_CANDIDATE,,inside a surveyed footprint of house size; a thin flat plane; flat to gently sloped; above house-eave height; no vegetation returns; not green,1330.47,1330.42,33,325,10.2542,0.0,0.2013,0.7965,0.0021,0.9478,0.3158,0.58,0.0248,10.86,0.0814,0.2963,325,-0.2335,True,1.9457,8446.3789,6,0,6
Q1-0141,Q1_TREE_ON_ROOF,,BUILDING_ROOF,AUTO_CANDIDATE,,inside a surveyed footprint of house size; a thin flat plane; flat to gently sloped; above house-eave height; no vegetation returns; not green,1319.99,1319.84,92,1527,3.5528,0.0,0.0304,0.9606,0.009,0.9994,0.016,0.21,0.0477,11.8148,0.8191,0.976,1453,-0.1507,True,2.1447,215.3633,6,5,6
Q2-0141,Q2_BLDG_BACKGROUND,,,REVIEW,,no class has all its cues,1326.3500000000001,1326.75,57,401,1.7056,0.3158,0.8659,0.0362,0.0979,0.0016,0.9997,4.27,0.4497,4.52,0.1327,0.45,364,-0.2145,False,0.1365,,6,0,0
Q3-0141,Q3_VEG_BACKGROUND,,,REVIEW,,no class has all its cues,1354.38,1355.72,70,1286,2.9373,0.3714,0.0304,0.794,0.1757,0.8258,0.1747,1.31,0.1921,5.903,0.3017,0.7221,1286,-0.0138,False,99.0,,4,0,0
Q4-0141,Q4_SHAPE,,,REVIEW,,no class has all its cues,1329.68,1330.28,85,1990,10.882,0.5529,0.3861,0.3243,0.2896,0.6056,0.6278,2.07,0.3385,14.9244,0.8703,0.9809,1965,0.1008,False,2.8601,,5,5,0
Q5-0141,Q5_ROOF_CANDIDATE,,,REVIEW,,no class has all its cues,1333.8500000000001,1333.89,15,321,8.436,0.5333,0.7552,0.2417,0.0031,0.8651,0.4966,0.83,0.0298,9.192,0.7021,0.5237,144,-0.0793,False,0.9898,,6,0,6
Q6-0141,Q6_RANDOM,,,REVIEW,,only 4 points in the patch,1339.1100000000001,1339.51,4,414,7.0125,1.0,0.944,0.0556,0.0004,0.4985,0.856,1.1,0.0112,9.9488,0.8394,0.9592,405,-0.1852,False,99.0,,5,5,0
Q1-0142,Q1_TREE_ON_ROOF,,BUILDING_ROOF,AUTO_CANDIDATE,,inside a surveyed footprint of house size; a thin flat plane; flat to gently sloped; above house-eave height; no vegetation returns; not green,1319.94,1319.88,124,2782,3.427,0.0,0.1242,0.8737,0.0021,0.9867,0.1458,0.35,0.0234,16.48,0.8769,0.9858,2577,-0.096,True,1.274,156.6653,6,5,6
Q2-0142,Q2_BLDG_BACKGROUND,,,REVIEW,,no class has all its cues,1326.15,1326.17,28,479,-0.7336,0.0714,0.7243,0.1075,0.1681,0.574,0.482,1.19,0.2516,13.2988,0.8711,0.9243,329,0.0729,False,0.2053,,6,0,0
Q3-0142,Q3_VEG_BACKGROUND,,,REVIEW,,no class has all its cues,1324.74,1325.0,20,382,7.691,0.35,0.5433,0.4528,0.0039,0.9706,0.0174,0.21,0.0283,7.79,0.7463,0.9373,242,-0.0227,False,0.7865,,5,0,6
Q4-0142,Q4_SHAPE,,,REVIEW,,no class has all its cues,1335.79,1338.72,65,3002,15.4366,0.6308,0.4257,0.1594,0.415,0.7525,0.188,1.82,0.3472,23.01,0.9278,0.9992,3002,0.1913,False,11.632,,5,5,0
Q5-0142,Q5_ROOF_CANDIDATE,,,REVIEW,,no class has all its cues,1351.18,1351.32,39,1174,7.309,0.3846,0.9607,0.0362,0.0031,0.786,0.6163,1.14,0.0314,7.79,0.531,0.7566,594,-0.2966,False,0.4706,,6,5,0
Q6-0142,Q6_RANDOM,,,REVIEW,,no class has all its cues,1334.68,1335.21,33,330,9.4697,0.0303,0.4512,0.4664,0.0823,0.7218,0.6898,1.95,0.1927,11.1134,0.7626,0.8978,330,-0.3351,True,1.7677,1080.2198,6,0,6
Q1-0143,Q1_TREE_ON_ROOF,,,REVIEW,,no class has all its cues,1331.01,1331.66,37,476,4.1649,0.6757,0.3656,0.5617,0.0727,0.7356,0.6623,1.67,0.178,5.6,0.3994,0.8682,476,0.0588,,,,6,5,6
Q2-0143,Q2_BLDG_BACKGROUND,,,REVIEW,,no class has all its cues,1321.16,1321.43,46,428,1.7835,0.3261,0.9195,0.0098,0.0707,0.0057,0.9976,5.48,0.4685,6.7446,0.5899,0.7627,274,0.0062,False,0.9675,,6,0,0
Q3-0143,Q3_VEG_BACKGROUND,,,REVIEW,,no class has all its cues,1332.22,1332.31,107,962,0.8929,0.2243,0.4655,0.1149,0.4196,0.6749,0.7342,1.48,0.4162,2.1,0.2273,0.0601,640,-0.2696,False,9.4225,,4,0,0
Q4-0143,Q4_SHAPE,,,REVIEW,POLE,the surroundings are one vertical line; tall; outside footprints; not green; a bare trunk cannot be told from a pole or wire in leaf-off imagery,1364.16,1364.82,211,4079,13.6886,0.6351,0.5946,0.1249,0.2805,0.2215,0.955,2.95,0.4198,15.88,0.9131,0.9984,4079,0.0994,False,7.3652,,5,5,0
Q5-0143,Q5_ROOF_CANDIDATE,,,REVIEW,,no class has all its cues,1325.76,1325.86,24,440,7.5912,0.5833,0.6008,0.1093,0.2899,0.3907,0.8699,1.98,0.3906,8.7244,0.2116,0.7308,426,-0.2198,True,1.1885,586.6122,5,5,0
Q6-0143,Q6_RANDOM,,TREE,AUTO_CANDIDATE,,green (NAIP); canopy returns; points scattered in 3D; tall; outside footprints,1352.8600000000001,1353.65,109,1802,16.6199,0.4037,0.2917,0.4446,0.2638,0.4879,0.8456,2.0,0.3252,17.9098,0.8749,0.9667,1802,0.3715,False,3.1266,,5,5,0
Q1-0144,Q1_TREE_ON_ROOF,,,REVIEW,,no class has all its cues,1363.93,1363.93,71,1349,3.3328,0.338,0.7319,0.2469,0.0212,0.9994,0.0129,0.3,0.0833,6.4108,0.5278,0.532,886,0.0047,True,0.0369,241.266,6,5,6
Q2-0144,Q2_BLDG_BACKGROUND,,,REVIEW,,no class has all its cues,1335.42,1335.42,41,1856,3.3273,0.0976,0.1131,0.5584,0.3284,0.9757,0.2188,1.26,0.2949,4.01,0.274,0.0612,227,-0.0854,True,0.3581,48.869,6,0,0
Q3-0144,Q3_VEG_BACKGROUND,,,REVIEW,,no class has all its cues,1355.3,1359.52,39,514,6.9446,0.7692,0.3929,0.2086,0.3985,0.5447,0.8352,2.14,0.4091,15.824,0.6919,0.9614,514,0.1462,False,13.7596,,5,0,0
Q4-0144,Q4_SHAPE,,,REVIEW,,no class has all its cues,1330.15,1330.64,170,4055,11.7769,0.9941,0.5124,0.1983,0.2894,0.0511,0.9895,2.37,0.3439,12.53,0.894,0.9983,4055,0.036,False,3.0423,,5,5,0
Q5-0144,Q5_ROOF_CANDIDATE,,,REVIEW,,no class has all its cues,1325.3500000000001,1325.47,23,384,8.3078,0.3478,0.7409,0.2519,0.0072,0.908,0.4148,0.84,0.0489,8.5868,0.7307,0.9742,243,0.1408,,,,6,0,6
Q6-0144,Q6_RANDOM,,,REVIEW,,no class has all its cues,1330.74,1331.24,34,297,0.5182,0.0,0.0934,0.9061,0.0005,0.9998,0.0186,0.06,0.0108,0.59,0.0332,0.0147,297,0.4037,False,99.0,,3,0,0
Q1-0145,Q1_TREE_ON_ROOF,,,REVIEW,,no class has all its cues,1329.9,1330.41,63,633,5.0568,0.4444,0.904,0.0066,0.0893,0.0026,0.9986,3.91,0.4834,11.7024,0.7837,0.9472,633,-0.0409,True,0.3297,275.874,6,5,0
Q2-0145,Q2_BLDG_BACKGROUND,,,REVIEW,,no class has all its cues,1362.28,1362.56,59,534,6.0895,0.4068,0.948,0.006,0.0461,0.0117,0.995,8.32,0.4946,15.0204,0.8147,0.9349,460,0.3786,True,0.3476,241.3022,6,5,0
Q3-0145,Q3_VEG_BACKGROUND,,,REVIEW,,no class has all its cues,1340.49,1342.08,32,353,2.6653,0.0312,0.4666,0.4705,0.0629,0.6334,0.7651,2.25,0.1686,6.91,0.6317,0.8634,353,0.3009,False,99.0,,4,0,0
Q4-0145,Q4_SHAPE,,,REVIEW,,only 9 points in the patch,1333.58,1333.68,9,298,2.35,1.0,0.7811,0.1832,0.0357,0.4896,0.3545,0.8,0.099,2.2412,0.5066,0.0805,57,0.4643,False,99.0,,5,5,0
Q5-0145,Q5_ROOF_CANDIDATE,,WALL,AUTO_CANDIDATE,,a thin vertical plane; at a footprint edge,1358.53,1358.79,12,1017,6.3175,1.0,0.6655,0.3273,0.0072,0.297,0.8105,1.96,0.0522,7.5968,0.7011,0.9385,657,0.1181,False,0.8385,,6,0,6
Q6-0145,Q6_RANDOM,,,REVIEW,,only 5 points in the patch,1349.49,1349.78,5,494,10.664,1.0,0.449,0.5204,0.0306,0.169,0.3189,0.82,0.0731,12.8456,0.8849,0.9876,456,0.1148,False,13.5239,,5,5,0
Q1-0146,Q1_TREE_ON_ROOF,,,REVIEW,,no class has all its cues,1325.734,1325.92,48,431,3.736,0.2292,0.5574,0.2958,0.1468,0.4952,0.8688,2.27,0.3036,4.522,0.3994,0.6558,371,0.0355,,,,6,5,0
Q2-0146,Q2_BLDG_BACKGROUND,,,REVIEW,,no class has all its cues,1325.43,1325.73,42,364,2.9231,0.2143,0.9314,0.0337,0.0349,0.149,0.9884,4.51,0.383,5.2974,0.72,0.8418,306,-0.1447,False,0.1215,,6,0,0
Q3-0146,Q3_VEG_BACKGROUND,,,REVIEW,,no class has all its cues,1351.18,1351.34,165,2154,7.0629,0.4909,0.4424,0.4168,0.1408,0.5118,0.6623,1.62,0.2383,8.21,0.7439,0.9531,1578,-0.2789,False,0.1511,,5,0,6
Q4-0146,Q4_SHAPE,TREE,TREE,AUTO_CANDIDATE,,green (NAIP); canopy returns; points scattered in 3D; tall; outside footprints,1364.76,1364.92,622,5286,8.9129,0.582,0.7769,0.1345,0.0886,0.3139,0.9452,4.25,0.3214,13.3,0.8193,0.9055,5256,0.307,False,3.4824,,5,5,0
Q5-0146,Q5_ROOF_CANDIDATE,,,REVIEW,,no class has all its cues,1367.32,1368.16,30,436,5.211,0.7333,0.2848,0.5146,0.2005,0.7086,0.2638,1.8,0.2626,6.753,0.464,0.9058,436,0.1812,False,1.1512,,5,5,0
Q6-0146,Q6_RANDOM,,,REVIEW,,no class has all its cues,1327.17,1327.75,29,636,6.8421,0.7931,0.411,0.2324,0.3566,0.0702,0.7818,2.0,0.4054,8.24,0.5665,0.9377,632,0.1007,False,5.1018,,5,5,0
Q1-0147,Q1_TREE_ON_ROOF,,,REVIEW,,no class has all its cues,1324.71,1324.63,36,394,2.4614,0.2778,0.2802,0.6899,0.0298,0.9474,0.1938,0.66,0.0927,3.04,0.2215,0.2106,282,0.2502,False,3.1874,,6,5,6
Q2-0147,Q2_BLDG_BACKGROUND,,BUILDING_ROOF,AUTO_CANDIDATE,,inside a surveyed footprint of house size; a thin flat plane; flat to gently sloped; above house-eave height; no vegetation returns; not green,1356.84,1356.78,642,3399,4.397,0.0,0.4523,0.525,0.0227,0.9253,0.3166,0.85,0.0876,6.7,0.5159,0.0029,3136,-0.2187,True,1.751,97.5514,6,0,0
Q3-0147,Q3_VEG_BACKGROUND,,,REVIEW,,no class has all its cues,1330.8500000000001,1331.2,200,1713,1.0068,0.235,0.4642,0.082,0.4538,0.1025,0.9889,2.0,0.4486,4.1476,0.1335,0.387,1602,0.0173,False,1.7785,,4,0,0
Q4-0147,Q4_SHAPE,,,REVIEW,,no class has all its cues,1319.92,1320.03,215,3284,9.3349,0.9767,0.9015,0.0231,0.0754,0.1001,0.9907,6.19,0.4446,13.12,0.8485,0.9705,2630,0.1812,False,4.8037,,5,5,0
Q5-0147,Q5_ROOF_CANDIDATE,,,REVIEW,,no class has all its cues,1352.81,1352.84,22,354,7.6264,0.5909,0.8121,0.0574,0.1305,0.4215,0.826,1.45,0.2406,10.1108,0.2878,0.5921,354,-0.2381,True,1.0796,363.307,6,5,6
Q6-0147,Q6_RANDOM,OTHER_STRUCTURE,,REVIEW,GROUND,"at ground height; a thin flat plane; no vegetation returns; outside footprints; a flat plane at ground height is a road, a lawn or bare earth and no cue here separates them (audit 1: 10 of 19 right)",1332.65,1332.93,35,295,0.2983,0.0,0.0904,0.9089,0.0007,1.0,0.0087,0.07,0.0133,0.39,0.3024,0.003,162,0.0279,False,99.0,,3,0,0
Q1-0148,Q1_TREE_ON_ROOF,,,REVIEW,,no class has all its cues,1327.52,1327.89,112,1466,4.0775,0.4643,0.5912,0.2799,0.1288,0.5923,0.8036,2.81,0.2788,9.847,0.7188,0.9811,1460,0.0096,True,0.354,167.953,6,5,6
Q2-0148,Q2_BLDG_BACKGROUND,,,REVIEW,,no class has all its cues,1357.88,1358.27,72,1935,0.6262,0.0,0.7914,0.1898,0.0188,0.918,0.1577,0.51,0.068,10.91,0.8219,0.9738,1854,-0.0264,,,,6,0,0
Q3-0148,Q3_VEG_BACKGROUND,,,REVIEW,,no class has all its cues,1335.21,1335.48,37,394,2.3524,0.1081,0.0848,0.9137,0.0015,0.998,0.0626,0.14,0.0201,2.7342,0.2027,0.5289,290,-0.0214,False,11.8527,,5,0,0
Q4-0148,Q4_SHAPE,,,REVIEW,,no class has all its cues,1330.06,1330.2,118,922,0.5291,0.0169,0.5293,0.2837,0.187,0.5133,0.8578,1.98,0.3178,2.0158,0.7885,0.2632,232,-0.0731,False,4.4771,,4,0,0
Q5-0148,Q5_ROOF_CANDIDATE,,,REVIEW,,no class has all its cues,1327.43,1327.64,13,403,4.8469,0.6923,0.6732,0.2242,0.1026,0.3443,0.7499,1.94,0.1792,8.0272,0.696,0.8761,327,0.1619,False,0.8621,,6,5,0
Q6-0148,Q6_RANDOM,POLE,,REVIEW,GROUND,"at ground height; a thin flat plane; no vegetation returns; outside footprints; a flat plane at ground height is a road, a lawn or bare earth and no cue here separates them (audit 1: 10 of 19 right)",1355.19,1355.35,92,836,0.2021,0.0,0.0945,0.9044,0.0011,0.9997,0.0131,0.1,0.0173,0.409,0.5975,0.8722,31,-0.38,False,99.0,,3,0,0
Q1-0149,Q1_TREE_ON_ROOF,,,REVIEW,,no class has all its cues,1330.04,1330.39,34,517,7.5512,0.6471,0.7502,0.1847,0.0651,0.436,0.8995,2.67,0.2437,10.6636,0.8246,0.9901,516,-0.0016,True,0.1356,8446.3789,6,5,6
Q2-0149,Q2_BLDG_BACKGROUND,,,REVIEW,,no class has all its cues,1331.26,1331.34,25,316,0.1356,0.0,0.5381,0.4605,0.0013,0.9993,0.0078,0.12,0.019,6.69,0.4326,0.1588,178,-0.0895,True,0.13,837.3424,6,0,0
Q3-0149,Q3_VEG_BACKGROUND,,,REVIEW,,no class has all its cues,1346.23,1346.87,30,850,2.1837,0.7,0.1828,0.5458,0.2713,0.9598,0.2201,0.63,0.1474,2.2604,0.3158,0.0698,725,0.1464,False,10.8073,,4,0,0
Q4-0149,Q4_SHAPE,,,REVIEW,,no class has all its cues,1330.69,1330.78,446,4523,4.5318,0.8924,0.6849,0.2839,0.0313,0.1207,0.9064,3.1,0.16,10.69,0.6639,0.9435,2098,0.3959,False,5.1082,,5,5,0
Q5-0149,Q5_ROOF_CANDIDATE,,,REVIEW,,no class has all its cues,1327.59,1327.81,13,359,8.2538,0.5385,0.7157,0.2823,0.002,0.9728,0.0039,0.19,0.02,8.2984,0.7199,0.9728,186,-0.1953,False,1.3473,,6,0,6
Q6-0149,Q6_RANDOM,,,REVIEW,,only 8 points in the patch,1330.0,1330.22,8,445,12.3412,1.0,0.6469,0.1565,0.1966,0.5626,0.8265,1.97,0.2905,12.9712,0.6215,0.7812,257,0.1902,False,1.4551,,5,5,0
Q1-0150,Q1_TREE_ON_ROOF,,,REVIEW,,no class has all its cues,1333.0,1333.32,27,339,3.6263,0.1852,0.237,0.7514,0.0117,0.8842,0.0808,0.84,0.0574,7.232,0.7224,0.8663,329,-0.1045,True,0.4568,224.5687,6,5,6
Q2-0150,Q2_BLDG_BACKGROUND,,,REVIEW,,no class has all its cues,1351.39,1355.22,131,1223,8.2214,0.0,0.4062,0.592,0.0018,0.7641,0.645,1.73,0.0277,9.1256,0.4265,0.6441,1223,-0.3453,True,1.2665,119.4858,6,0,0
Q3-0150,Q3_VEG_BACKGROUND,,,REVIEW,POLE,the surroundings are one vertical line; tall; outside footprints; not green; a bare trunk cannot be told from a pole or wire in leaf-off imagery,1332.06,1332.3,90,1325,9.1594,1.0,0.9856,0.0097,0.0047,0.008,0.9999,10.43,0.2337,11.74,0.9285,0.9924,629,0.0071,False,9.7592,,5,0,0
Q4-0150,Q4_SHAPE,,,REVIEW,,no class has all its cues,1350.02,1349.97,353,4759,5.7667,0.779,0.9032,0.024,0.0728,0.0733,0.9949,6.38,0.4563,11.8784,0.6483,0.9612,3749,0.2363,False,99.0,,5,5,0
Q5-0150,Q5_ROOF_CANDIDATE,,,REVIEW,,no class has all its cues,1351.46,1351.68,24,353,5.4629,0.5417,0.5298,0.4674,0.0027,0.9975,0.0703,0.2,0.0273,5.62,0.7572,0.8455,242,0.1512,,,,6,0,6
Q6-0150,Q6_RANDOM,,,REVIEW,,only 1 points in the patch,1322.5,1322.69,1,455,5.57,1.0,nan,nan,nan,nan,nan,nan,nan,7.456,0.6911,0.9484,130,0.3663,False,8.1467,,5,5,0
Q1-0151,Q1_TREE_ON_ROOF,,,REVIEW,,no class has all its cues,1327.1200000000001,1328.05,41,455,7.4193,0.6341,0.9398,0.0238,0.0364,0.1067,0.9921,4.87,0.3448,15.6992,0.9132,0.9694,449,0.2362,False,0.111,,6,5,0
Q2-0151,Q2_BLDG_BACKGROUND,,,REVIEW,,no class has all its cues,1332.0,1332.16,99,958,3.9173,0.0808,0.4757,0.4074,0.1169,0.7389,0.671,4.14,0.2317,5.7386,0.4367,0.7801,841,0.0234,True,0.9297,100.3467,6,0,0
Q3-0151,Q3_VEG_BACKGROUND,,,REVIEW,,no class has all its cues,1331.22,1331.43,93,940,1.2197,0.0,0.1239,0.8429,0.0332,0.9834,0.1627,0.53,0.0963,11.82,0.6192,0.9328,879,0.4585,False,3.1729,,4,0,0
Q4-0151,Q4_SHAPE,,,REVIEW,,no class has all its cues,1354.88,1355.98,600,6823,5.5927,1.0,0.8037,0.0999,0.0963,0.4079,0.7921,2.28,0.2341,6.4356,0.521,0.9665,6823,0.1533,False,99.0,,5,5,0
Q5-0151,Q5_ROOF_CANDIDATE,,,REVIEW,,no class has all its cues,1335.193,1336.01,22,422,9.8038,0.2727,0.4683,0.5168,0.0149,0.9359,0.0346,0.37,0.0602,11.307,0.8593,0.9655,422,-0.087,,,,6,5,6
Q6-0151,Q6_RANDOM,,,REVIEW,,no class has all its cues,1324.5,1324.62,32,389,3.5487,0.25,0.2559,0.7386,0.0055,0.9639,0.1534,0.42,0.0413,4.0824,0.2005,0.2877,284,-0.3017,True,0.3344,94.9069,6,0,6
Q1-0152,Q1_TREE_ON_ROOF,,,REVIEW,,no class has all its cues,1365.52,1365.68,47,526,5.0215,0.2766,0.864,0.0575,0.0785,0.1406,0.9886,4.04,0.4245,16.24,0.8564,0.9987,514,-0.0869,True,1.2521,278.2366,6,5,0
Q2-0152,Q2_BLDG_BACKGROUND,BUILDING_ROOF,BUILDING_ROOF,AUTO_CANDIDATE,,inside a surveyed footprint of house size; a thin flat plane; flat to gently sloped; above house-eave height; no vegetation returns; not green,1330.42,1330.43,162,1460,6.9292,0.0,0.2353,0.7625,0.0021,0.8943,0.4459,0.85,0.0263,8.27,0.1528,0.4864,1352,-0.2873,True,1.7289,124.2896,6,0,0
Q3-0152,Q3_VEG_BACKGROUND,,,REVIEW,,no class has all its cues,1348.29,1350.89,125,1127,5.5126,0.24,0.5421,0.2328,0.2251,0.4003,0.8897,1.96,0.3479,6.57,0.3244,0.0434,928,0.1755,False,2.1503,,5,0,0
Q4-0152,Q4_SHAPE,,,REVIEW,POLE,the surroundings are one vertical line; tall; outside footprints; not green; a bare trunk cannot be told from a pole or wire in leaf-off imagery,1335.22,1335.4,65,530,11.6414,0.4769,0.9016,0.0304,0.0679,0.0448,0.9986,4.22,0.4302,14.09,0.8689,0.9943,413,-0.3044,False,13.384,,5,5,0
Q5-0152,Q5_ROOF_CANDIDATE,,,REVIEW,,no class has all its cues,1369.65,1369.81,20,392,8.642,0.6,0.5885,0.3844,0.0271,0.9953,0.0069,0.43,0.086,10.1326,0.6484,0.9484,311,-0.168,False,0.6577,,5,5,0
Q6-0152,Q6_RANDOM,,,REVIEW,,no class has all its cues,1326.32,1326.49,27,445,8.137,0.1852,0.4832,0.4675,0.0493,0.6206,0.6623,1.75,0.1377,8.7936,0.7379,0.9319,350,0.0327,False,2.9899,,5,5,0
Q1-0153,Q1_TREE_ON_ROOF,,,REVIEW,,no class has all its cues,1322.57,1322.52,100,1193,7.0665,0.35,0.7263,0.1108,0.1629,0.1583,0.9804,3.3,0.3737,9.97,0.413,0.6082,957,-0.0703,,,,6,5,6
Q2-0153,Q2_BLDG_BACKGROUND,,,REVIEW,,no class has all its cues,1351.38,1355.64,164,1285,7.4093,0.0122,0.8613,0.0581,0.0807,0.1838,0.9828,5.01,0.4074,9.1,0.4457,0.8236,1285,-0.1666,True,0.3678,119.4858,6,0,0
Q3-0153,Q3_VEG_BACKGROUND,,,REVIEW,,no class has all its cues,1328.31,1330.01,36,351,2.7489,0.1944,0.5877,0.299,0.1133,0.5499,0.8323,1.61,0.2665,3.36,0.0331,0.1787,351,-0.3208,False,10.7172,,4,0,0
Q4-0153,Q4_SHAPE,,,REVIEW,,only 10 points in the patch,1326.08,1326.2,10,545,1.764,1.0,0.3977,0.5967,0.0056,0.997,0.0327,0.09,0.0209,17.3384,0.9051,0.9918,278,-0.0195,False,99.0,,4,0,0
Q5-0153,Q5_ROOF_CANDIDATE,,,REVIEW,,no class has all its cues,1334.47,1334.91,13,383,8.43,0.1538,0.7573,0.2119,0.0308,0.2959,0.8753,1.63,0.1325,9.3136,0.8538,0.9585,383,-0.1643,,,,6,5,6
Q6-0153,Q6_RANDOM,GROUND,,REVIEW,GROUND,"at ground height; a thin flat plane; no vegetation returns; outside footprints; a flat plane at ground height is a road, a lawn or bare earth and no cue here separates them (audit 1: 10 of 19 right)",1331.71,1331.83,89,782,0.1984,0.0,0.0667,0.9296,0.0038,0.999,0.0305,0.19,0.031,5.55,0.7956,0.9842,136,-0.2726,False,2.8602,,3,0,0
Q1-0154,Q1_TREE_ON_ROOF,,,REVIEW,,no class has all its cues,1362.1200000000001,1362.73,84,1166,4.1449,0.3571,0.4018,0.5953,0.0029,0.9374,0.3465,0.72,0.0293,12.697,0.795,0.9512,1166,0.0821,,,,6,5,6
Q2-0154,Q2_BLDG_BACKGROUND,,,REVIEW,,no class has all its cues,1345.71,1345.85,152,1143,4.4395,0.1645,0.9812,0.0055,0.0134,0.0203,0.9998,7.99,0.4479,8.1,0.5595,0.9254,629,-0.0314,False,0.2894,,6,0,0
Q3-0154,Q3_VEG_BACKGROUND,,,REVIEW,,no class has all its cues,1330.63,1330.78,161,1727,2.1422,0.1615,0.2917,0.6432,0.0651,0.9271,0.0302,1.13,0.1333,2.46,0.2398,0.1065,1013,-0.0935,False,3.7902,,5,0,0
Q4-0154,Q4_SHAPE,,,REVIEW,,no class has all its cues,1360.14,1360.47,75,1096,9.9404,0.5067,0.5362,0.056,0.4078,0.5485,0.7667,2.13,0.4192,11.851,0.7548,0.9231,1090,-0.1663,True,1.4219,265.7061,5,5,0
Q5-0154,Q5_ROOF_CANDIDATE,,,REVIEW,,no class has all its cues,1331.44,1331.33,24,393,5.6358,0.3333,0.61,0.3651,0.0249,0.9911,0.1189,0.37,0.0842,7.0916,0.163,0.041,268,0.0929,True,0.0495,300.0792,6,0,6
Q6-0154,Q6_RANDOM,,BUILDING_ROOF,AUTO_CANDIDATE,,inside a surveyed footprint of house size; a thin flat plane; flat to gently sloped; above house-eave height; no vegetation returns; not green,1364.0055,1364.08,36,294,4.2701,0.0,0.0713,0.9269,0.0017,0.9603,0.0426,0.47,0.022,5.0745,0.1842,0.4224,294,-0.2333,True,2.7293,241.3022,6,0,6
Q1-0155,Q1_TREE_ON_ROOF,,,REVIEW,,no class has all its cues,1364.8600000000001,1364.86,230,2445,5.2374,0.5522,0.8349,0.0278,0.1373,0.1507,0.9885,4.6,0.4461,11.1412,0.7528,0.9359,2177,0.2442,False,1.0469,,6,5,0
Q2-0155,Q2_BLDG_BACKGROUND,,,REVIEW,,no class has all its cues,1322.83,1323.18,57,511,1.6711,0.3509,0.7724,0.1177,0.1099,0.2598,0.9655,2.77,0.3684,6.848,0.3711,0.6676,510,0.0016,False,0.2329,,6,0,0
Q3-0155,Q3_VEG_BACKGROUND,,,REVIEW,,no class has all its cues,1328.97,1329.6,180,2263,1.9933,0.3778,0.4238,0.3553,0.2209,0.2837,0.9293,1.98,0.3284,7.63,0.5444,0.9036,2044,0.1365,False,2.1751,,4,0,0
Q4-0155,Q4_SHAPE,,,REVIEW,,no class has all its cues,1353.3600000000001,1354.39,193,3842,12.6163,0.5389,0.4074,0.2682,0.3244,0.7009,0.7027,1.96,0.3409,15.53,0.8901,0.9927,3842,0.1553,False,7.6717,,5,5,0
Q5-0155,Q5_ROOF_CANDIDATE,,,REVIEW,,no class has all its cues,1330.55,1332.32,15,413,12.2467,0.4667,0.5512,0.4473,0.0015,0.9961,0.0801,0.12,0.0165,12.27,0.904,0.9693,413,-0.1737,,,,6,0,6
Q6-0155,Q6_RANDOM,,,REVIEW,,no class has all its cues,1331.2,1332.46,20,799,9.7605,1.0,0.7602,0.1152,0.1245,0.5181,0.6625,1.99,0.2489,10.8804,0.8152,0.9908,799,-0.0019,False,8.23,,5,5,0
Q1-0156,Q1_TREE_ON_ROOF,,,REVIEW,,no class has all its cues,1326.99,1327.01,58,545,5.4795,0.3103,0.8206,0.056,0.1234,0.2226,0.9736,3.76,0.4115,12.1612,0.7247,0.8982,534,0.0117,,,,6,5,0
Q2-0156,Q2_BLDG_BACKGROUND,,,REVIEW,,no class has all its cues,1321.55,1321.8,49,406,2.0302,0.2857,0.9052,0.0725,0.0223,0.1846,0.9815,3.77,0.2572,6.208,0.3827,0.936,377,-0.1055,True,0.1614,236.8805,6,0,0
Q3-0156,Q3_VEG_BACKGROUND,,,REVIEW,,no class has all its cues,1363.74,1364.12,104,1129,3.3803,0.4327,0.1559,0.7723,0.0719,0.9886,0.0576,0.68,0.1386,3.56,0.3136,0.6738,1116,0.1296,False,1.6755,,5,0,6
Q4-0156,Q4_SHAPE,,,REVIEW,,no class has all its cues,1364.74,1364.92,290,4120,0.7694,0.0,0.1791,0.8204,0.0006,1.0,0.0005,0.08,0.0122,4.86,0.3751,0.7556,4073,0.0707,False,1.7145,,4,0,0
Q5-0156,Q5_ROOF_CANDIDATE,,,REVIEW,,no class has all its cues,1332.46,1332.54,50,872,6.123,0.56,0.4382,0.3282,0.2336,0.4849,0.5771,1.21,0.2295,6.1858,0.4973,0.6489,535,-0.108,,,,6,0,6
Q6-0156,Q6_RANDOM,,,REVIEW,,no class has all its cues,1333.7375,1333.92,17,474,3.319,1.0,0.8357,0.0788,0.0855,0.4421,0.7522,1.91,0.2121,4.3433,0.5011,0.4936,224,0.0712,False,99.0,,5,5,0
Q1-0157,Q1_TREE_ON_ROOF,,,REVIEW,,no class has all its cues,1346.79,1348.43,88,1157,4.9014,0.3523,0.2657,0.6443,0.09,0.852,0.5234,1.82,0.1717,7.4676,0.2643,0.7337,1157,-0.1674,True,0.1661,303.8723,6,5,6
Q2-0157,Q2_BLDG_BACKGROUND,,,REVIEW,,no class has all its cues,1330.1100000000001,1330.49,545,2789,2.9234,0.0257,0.5443,0.3011,0.1546,0.9944,0.1054,3.3,0.1994,10.8024,0.8726,0.9796,2767,-0.0015,True,0.6445,271.0699,6,0,0
Q3-0157,Q3_VEG_BACKGROUND,,,REVIEW,,no class has all its cues,1355.48,1358.4,87,837,4.0546,0.0,0.0492,0.9496,0.0012,0.9996,0.0212,0.12,0.0175,5.8728,0.053,0.0053,837,-0.3145,False,2.839,,4,0,0
Q4-0157,Q4_SHAPE,,,REVIEW,,only 9 points in the patch,1321.39,1321.41,9,1031,5.3067,1.0,0.9993,0.0003,0.0004,0.0116,0.9998,4.82,0.0284,2.574,0.5769,0.9897,206,0.0667,False,11.9939,,5,0,0
Q5-0157,Q5_ROOF_CANDIDATE,,,REVIEW,,no class has all its cues,1358.52,1358.77,35,1028,6.5983,0.6,0.6749,0.3187,0.0065,0.8122,0.0713,0.47,0.0333,8.0492,0.7441,0.9277,778,0.0042,False,0.4094,,6,0,6
Q6-0157,Q6_RANDOM,,,REVIEW,,no class has all its cues,1336.6200000000001,1336.93,32,285,0.3612,0.0,0.166,0.832,0.002,0.9985,0.0461,0.17,0.023,0.5,0.5292,0.0002,198,-0.227,False,99.0,,3,0,0
Q1-0158,Q1_TREE_ON_ROOF,,,REVIEW,,no class has all its cues,1332.65,1332.85,34,422,3.1121,0.0,0.1586,0.8133,0.0281,0.9996,0.0074,0.34,0.0875,4.9758,0.2934,0.3743,323,0.3234,False,3.6484,,6,5,0
Q2-0158,Q2_BLDG_BACKGROUND,,,REVIEW,,no class has all its cues,1324.5,1324.52,21,394,-0.0186,0.0,0.6658,0.214,0.1202,0.9249,0.3046,0.88,0.1874,4.55,0.1875,0.0121,219,0.082,True,0.2627,92.3293,6,0,0
Q3-0158,Q3_VEG_BACKGROUND,,,REVIEW,,only 3 points in the patch,1332.34,1332.66,3,381,11.42,1.0,nan,nan,nan,nan,nan,nan,nan,12.87,0.8796,0.9986,286,-0.1269,False,99.0,,5,0,0
Q4-0158,Q4_SHAPE,,,REVIEW,,no class has all its cues,1334.69,1334.99,1122,5430,13.1407,0.508,0.8224,0.0625,0.1151,0.1293,0.9708,4.41,0.3841,15.67,0.7888,0.9861,5425,0.1432,True,0.2532,65.1732,5,5,0
Q5-0158,Q5_ROOF_CANDIDATE,,,REVIEW,,no class has all its cues,1331.54,1331.87,12,568,16.7358,0.6667,0.867,0.1292,0.0038,0.9848,0.008,0.2,0.0314,16.9432,0.9514,0.98,356,-0.1388,True,0.273,1913.0718,6,0,6
Q6-0158,Q6_RANDOM,,,REVIEW,,no class has all its cues,1330.58,1331.53,31,308,0.9565,0.0,0.2188,0.781,0.0003,0.9999,0.0001,0.04,0.0085,1.03,0.05,0.0174,308,0.3784,False,99.0,,2,0,0
Q1-0159,Q1_TREE_ON_ROOF,,,REVIEW,,no class has all its cues,1355.19,1357.69,106,883,7.8567,0.3396,0.9479,0.0161,0.036,0.1171,0.9901,7.98,0.3577,9.52,0.3422,0.9842,719,-0.1457,True,0.2658,4086.0684,6,5,6
Q2-0159,Q2_BLDG_BACKGROUND,,,REVIEW,,no class has all its cues,1333.95,1333.92,22,372,-0.0209,0.0,0.6134,0.3812,0.0054,0.9968,0.0689,0.22,0.0343,3.71,0.6721,0.5949,238,-0.0077,True,0.1431,87.7343,6,0,0
Q3-0159,Q3_VEG_BACKGROUND,,,REVIEW,,no class has all its cues,1330.49,1330.49,26,369,1.6196,0.6923,0.3916,0.5997,0.0087,0.9897,0.0354,0.28,0.0431,9.6364,0.7556,0.9751,189,-0.2211,False,1.2254,,4,0,0
Q4-0159,Q4_SHAPE,,TREE,AUTO_CANDIDATE,,green (NAIP); canopy returns; points scattered in 3D; tall; outside footprints,1345.51,1345.87,78,1329,4.0301,0.5,0.171,0.4374,0.3915,0.8402,0.3839,1.7,0.3263,4.7088,0.3486,0.6449,1272,0.3517,False,99.0,,5,5,0
Q5-0159,Q5_ROOF_CANDIDATE,,,REVIEW,,no class has all its cues,1335.05,1335.66,16,391,9.5469,0.3125,0.8816,0.0184,0.1,0.2235,0.8628,1.99,0.2606,11.544,0.8961,0.9764,391,-0.2529,False,0.0768,,6,0,6
Q6-0159,Q6_RANDOM,,,REVIEW,GROUND,"at ground height; a thin flat plane; no vegetation returns; outside footprints; a flat plane at ground height is a road, a lawn or bare earth and no cue here separates them (audit 1: 10 of 19 right)",1337.17,1337.31,36,345,0.1631,0.0,0.0671,0.9322,0.0007,1.0,0.0078,0.06,0.0135,8.9092,0.4251,0.9727,106,-0.0692,False,7.0696,,3,0,0
Q1-0160,Q1_TREE_ON_ROOF,,,REVIEW,,no class has all its cues,1347.2,1348.64,85,1118,3.4949,0.2353,0.4333,0.5216,0.045,0.7841,0.6188,1.53,0.1366,5.8966,0.2269,0.7076,1111,0.0683,True,0.3886,470.8959,6,5,6
Q2-0160,Q2_BLDG_BACKGROUND,,,REVIEW,,no class has all its cues,1330.81,1330.71,361,3492,3.8188,0.0776,0.5603,0.2628,0.177,0.5928,0.8048,2.32,0.3126,5.79,0.3014,0.259,3182,-0.002,True,2.3726,592.83,6,5,0
Q3-0160,Q3_VEG_BACKGROUND,,,REVIEW,,no class has all its cues,1332.19,1332.38,126,982,1.1736,0.3175,0.3837,0.1764,0.4399,0.2273,0.9078,1.67,0.4198,6.8876,0.6112,0.9427,679,-0.2608,False,0.8036,,4,0,0
Q4-0160,Q4_SHAPE,,,REVIEW,,no class has all its cues,1349.45,1349.62,452,4267,11.2746,0.3827,0.9652,0.0116,0.0232,0.126,0.992,9.8,0.3672,14.34,0.7292,0.9647,3408,0.0991,False,4.6477,,5,5,0
Q5-0160,Q5_ROOF_CANDIDATE,,,REVIEW,,no class has all its cues,1355.18,1355.3,112,1584,8.8205,0.6161,0.689,0.2169,0.0941,0.2659,0.959,2.0,0.2886,9.52,0.6198,0.9621,1168,-0.0564,False,0.6639,,6,5,6
Q6-0160,Q6_RANDOM,,WALL,AUTO_CANDIDATE,,a thin vertical plane; at a footprint edge,1352.57,1352.85,29,1066,3.29,0.931,0.6411,0.3166,0.0424,0.0064,0.3119,1.72,0.0961,9.424,0.6087,0.9365,748,0.3784,False,0.3633,,6,5,6
Q1-0161,Q1_TREE_ON_ROOF,,,REVIEW,,no class has all its cues,1354.09,1354.07,79,1875,2.8537,0.0,0.1884,0.8069,0.0047,0.9999,0.0034,0.18,0.0343,11.28,0.7837,0.9776,1751,0.0382,True,0.6105,485.8335,6,5,6
Q2-0161,Q2_BLDG_BACKGROUND,,,REVIEW,,no class has all its cues,1346.57,1347.07,39,837,0.5708,0.0,0.5808,0.3514,0.0678,0.9582,0.1801,0.63,0.1151,3.39,0.2952,0.6722,837,-0.1152,False,0.188,,6,0,0
Q3-0161,Q3_VEG_BACKGROUND,TREE,TREE,AUTO_CANDIDATE,,green (NAIP); canopy returns; points scattered in 3D; tall; outside footprints,1339.3500000000001,1343.42,39,902,6.2736,0.7179,0.5451,0.1425,0.3124,0.531,0.8432,2.34,0.3862,12.43,0.6754,0.9981,902,0.2939,False,99.0,,5,0,0
Q4-0161,Q4_SHAPE,,,REVIEW,,no class has all its cues,1346.22,1346.2,917,5865,8.3965,0.5987,0.7465,0.0168,0.2366,0.048,0.9958,4.4,0.4679,12.53,0.6045,0.8852,5081,0.157,False,4.1805,,5,5,0
Q5-0161,Q5_ROOF_CANDIDATE,,,REVIEW,,no class has all its cues,1332.99,1333.17,16,351,11.0694,0.5625,0.6267,0.3699,0.0034,0.988,0.1375,0.26,0.0248,11.13,0.9049,0.9683,334,0.0139,True,0.993,567.6018,6,0,6
Q6-0161,Q6_RANDOM,,,REVIEW,,no class has all its cues,1347.41,1348.18,96,772,0.8148,0.0,0.1213,0.8776,0.0011,0.9905,0.0966,0.27,0.0174,2.3674,0.0824,0.1605,772,-0.0655,False,4.9526,,3,0,0
Q1-0162,Q1_TREE_ON_ROOF,,,REVIEW,,no class has all its cues,1361.2,1361.23,70,897,4.2747,0.2429,0.598,0.2678,0.1342,0.18,0.9837,3.28,0.293,7.7608,0.4303,0.7235,697,-0.1438,False,0.0832,,6,5,6
Q2-0162,Q2_BLDG_BACKGROUND,,,REVIEW,GROUND,"at ground height; a thin flat plane; no vegetation returns; outside footprints; a flat plane at ground height is a road, a lawn or bare earth and no cue here separates them (audit 1: 10 of 19 right)",1322.95,1323.02,29,352,0.1307,0.0,0.415,0.5832,0.0018,0.9996,0.0128,0.12,0.0206,5.1294,0.6485,0.0992,135,-0.1484,False,1.3058,,6,0,0
Q3-0162,Q3_VEG_BACKGROUND,,,REVIEW,,no class has all its cues,1349.52,1350.1,209,2200,1.3422,0.1627,0.0857,0.6591,0.2552,0.9736,0.0977,1.68,0.2569,7.6102,0.4327,0.7775,1473,0.2482,False,99.0,,4,0,0
Q4-0162,Q4_SHAPE,,,REVIEW,,no class has all its cues,1322.47,1322.47,55,1120,2.1164,1.0,0.6795,0.2587,0.0618,0.8518,0.5089,1.23,0.1304,7.55,0.727,0.9576,496,-0.105,False,1.514,,5,0,6
Q5-0162,Q5_ROOF_CANDIDATE,,,REVIEW,,no class has all its cues,1330.48,1330.79,26,390,11.0742,0.3077,0.5605,0.4388,0.0007,0.9913,0.1319,0.26,0.0133,11.3922,0.9176,0.9791,311,-0.0989,,,,6,0,6
Q6-0162,Q6_RANDOM,,BUILDING_ROOF,AUTO_CANDIDATE,,inside a surveyed footprint of house size; a thin flat plane; flat to gently sloped; above house-eave height; no vegetation returns; not green,1331.3500000000001,1331.6,109,1113,4.4058,0.0,0.1203,0.8791,0.0005,0.9997,0.0189,0.08,0.0121,5.14,0.1871,0.2478,1065,-0.0095,True,1.9776,369.449,6,0,6
Q1-0163,Q1_TREE_ON_ROOF,,,REVIEW,,no class has all its cues,1333.16,1333.47,36,388,3.0039,0.1389,0.1882,0.8115,0.0003,0.9994,0.0084,0.08,0.0095,3.06,0.1676,0.165,376,-0.1852,False,99.0,,6,5,0
Q2-0163,Q2_BLDG_BACKGROUND,BUILDING_ROOF,,REVIEW,,no class has all its cues,1356.93,1357.17,193,2037,3.4974,0.0,0.1787,0.8159,0.0054,0.9491,0.315,0.72,0.0396,11.4628,0.708,0.918,2037,-0.1668,True,2.5328,52.6368,6,0,0
Q3-0163,Q3_VEG_BACKGROUND,,,REVIEW,,no class has all its cues,1353.6100000000001,1354.56,22,1945,3.1905,0.8182,0.7036,0.2846,0.0118,0.9947,0.0535,0.26,0.0501,20.06,0.9432,0.9943,1945,0.2779,False,99.0,,5,0,0
Q4-0163,Q4_SHAPE,,,REVIEW,,no class has all its cues,1344.53,1345.13,33,2214,7.8224,0.6061,0.6926,0.1531,0.1543,0.5173,0.6921,1.16,0.2006,19.5874,0.9566,0.9938,2099,0.2517,False,4.7085,,5,5,0
Q5-0163,Q5_ROOF_CANDIDATE,,,REVIEW,,no class has all its cues,1332.33,1332.91,13,310,3.4385,0.8462,0.7515,0.2381,0.0104,0.838,0.0085,0.63,0.0604,16.01,0.9209,0.9851,310,-0.5145,False,1.3282,,5,5,6
Q6-0163,Q6_RANDOM,,,REVIEW,,only 5 points in the patch,1330.74,1331.13,5,1738,3.844,1.0,0.8018,0.1979,0.0003,0.0589,0.9258,1.57,0.01,5.28,0.6667,0.7442,1376,-0.0758,False,3.0085,,5,5,0
Q1-0164,Q1_TREE_ON_ROOF,,,REVIEW,,no class has all its cues,1359.33,1359.67,76,977,4.0163,0.25,0.0346,0.9492,0.0162,0.978,0.0924,0.39,0.0637,5.36,0.5096,0.7814,947,-0.0926,True,0.4144,4086.0684,6,5,6
Q2-0164,Q2_BLDG_BACKGROUND,,,REVIEW,,no class has all its cues,1331.42,1331.62,131,1155,1.5708,0.1603,0.7576,0.1045,0.1378,0.3442,0.9378,2.43,0.3623,11.7592,0.7435,0.9304,894,-0.0664,False,0.3709,,6,0,0
Q3-0164,Q3_VEG_BACKGROUND,,,REVIEW,,no class has all its cues,1350.1100000000001,1353.52,125,1603,4.3071,0.008,0.2845,0.6369,0.0786,0.8287,0.5596,1.6,0.1681,12.6676,0.7576,0.9453,1603,0.4994,False,6.5205,,4,0,0
Q4-0164,Q4_SHAPE,,,REVIEW,POLE,the surroundings are one vertical line; tall; outside footprints; not green; a bare trunk cannot be told from a pole or wire in leaf-off imagery,1325.47,1325.44,41,449,9.2583,0.9512,0.7894,0.0591,0.1514,0.0233,0.9915,2.52,0.382,10.7032,0.865,0.9655,150,-0.0532,False,9.0562,,5,5,0
Q5-0164,Q5_ROOF_CANDIDATE,,,REVIEW,,no class has all its cues,1330.26,1330.43,14,364,2.9257,0.7143,0.8066,0.1907,0.0027,0.959,0.2806,0.46,0.0263,4.6688,0.4281,0.0993,118,0.3096,,,,5,5,6
Q6-0164,Q6_RANDOM,,,REVIEW,,only 1 points in the patch,1325.43,1325.52,1,441,2.7,1.0,nan,nan,nan,nan,nan,nan,nan,7.266,0.6122,0.2929,141,0.3718,False,3.3973,,5,5,0
Q1-0165,Q1_TREE_ON_ROOF,,,REVIEW,,no class has all its cues,1330.2,1330.67,229,1551,5.7574,0.2183,0.9068,0.0594,0.0339,0.2084,0.978,4.86,0.304,8.6,0.6691,0.8545,1550,-0.2243,True,2.3961,167.9866,6,5,6
Q2-0165,Q2_BLDG_BACKGROUND,,,REVIEW,,no class has all its cues,1333.51,1333.73,39,373,1.2167,0.1538,0.8299,0.0806,0.0895,0.2433,0.9559,2.44,0.3451,7.2256,0.7244,0.9069,264,-0.1983,,,,6,5,0
Q3-0165,Q3_VEG_BACKGROUND,,,REVIEW,,no class has all its cues,1347.45,1348.69,100,1073,4.2098,0.0,0.3239,0.5946,0.0815,0.8989,0.4381,1.11,0.1573,4.4256,0.1176,0.0076,1073,-0.2022,False,1.2253,,5,0,6
Q4-0165,Q4_SHAPE,,TREE,AUTO_CANDIDATE,,green (NAIP); canopy returns; points scattered in 3D; tall; outside footprints,1357.4450000000002,1357.91,197,2605,9.3091,0.4213,0.6452,0.2042,0.1506,0.3088,0.9507,2.86,0.3498,10.415,0.6989,0.9908,2573,0.2972,False,2.2791,,5,5,0
Q5-0165,Q5_ROOF_CANDIDATE,,,REVIEW,,no class has all its cues,1334.22,1333.95,25,515,12.9556,1.0,0.5491,0.2649,0.186,0.6098,0.7881,1.98,0.3191,14.1,0.7328,0.9459,355,-0.1879,False,0.2741,,5,5,0
Q6-0165,Q6_RANDOM,,,REVIEW,,only 4 points in the patch,1326.6100000000001,1326.62,4,431,4.835,1.0,0.9859,0.0086,0.0055,0.9768,0.0003,0.06,0.0211,7.288,0.3218,0.6192,377,-0.1316,True,0.0324,68.4176,6,5,0
Q1-0166,Q1_TREE_ON_ROOF,,,REVIEW,,no class has all its cues,1329.29,1329.53,64,578,3.8716,0.4688,0.4993,0.0404,0.4603,0.2064,0.9666,1.82,0.4602,5.4446,0.0565,0.2464,472,-0.1978,False,11.7863,,6,5,0
Q2-0166,Q2_BLDG_BACKGROUND,,BUILDING_ROOF,AUTO_CANDIDATE,,inside a surveyed footprint of house size; a thin flat plane; flat to gently sloped; above house-eave height; no vegetation returns; not green,1330.7,1330.18,41,915,3.6273,0.0,0.2539,0.7459,0.0002,1.0,0.0039,0.04,0.0074,3.65,0.38,0.0027,915,-0.0137,True,5.359,592.83,6,0,0
Q3-0166,Q3_VEG_BACKGROUND,,,REVIEW,,no class has all its cues,1356.91,1356.88,856,4119,1.5913,0.3423,0.5389,0.2987,0.1624,0.2176,0.9725,2.76,0.3195,8.93,0.7619,0.9228,3361,0.5531,False,4.228,,4,0,0
Q5-0166,Q5_ROOF_CANDIDATE,,,REVIEW,,no class has all its cues,1321.63,1321.78,89,1273,2.9533,0.427,0.2867,0.51,0.2033,0.5182,0.7484,1.73,0.2465,4.35,0.3576,0.5043,1019,-0.2032,,,,6,0,6
Q6-0166,Q6_RANDOM,,BUILDING_ROOF,AUTO_CANDIDATE,,inside a surveyed footprint of house size; a thin flat plane; flat to gently sloped; above house-eave height; no vegetation returns; not green,1323.15,1323.71,37,317,4.0614,0.0,0.1261,0.8727,0.0012,0.9883,0.1356,0.32,0.018,4.4068,0.0395,0.0416,314,-0.1236,True,2.582,134.8601,6,0,6
Q1-0167,Q1_TREE_ON_ROOF,,BUILDING_ROOF,AUTO_CANDIDATE,,inside a surveyed footprint of house size; a thin flat plane; flat to gently sloped; above house-eave height; no vegetation returns; not green,1325.76,1325.97,27,614,3.0456,0.0,0.4898,0.5088,0.0014,0.9897,0.0212,0.25,0.0211,10.0322,0.7209,0.942,593,0.0471,True,1.1026,276.0679,6,5,6
Q2-0167,Q2_BLDG_BACKGROUND,,,REVIEW,,no class has all its cues,1346.2,1346.28,37,383,4.5486,0.0,0.7111,0.1144,0.1745,0.3503,0.9295,4.19,0.3835,6.2636,0.6175,0.8322,342,-0.2481,True,0.3868,309.786,6,0,0
Q3-0167,Q3_VEG_BACKGROUND,,,REVIEW,,no class has all its cues,1347.49,1347.9,126,1338,2.4935,0.0238,0.097,0.8806,0.0224,0.9939,0.1013,0.68,0.0754,2.57,0.2321,0.0347,1227,-0.1382,False,13.9838,,5,0,0
Q5-0167,Q5_ROOF_CANDIDATE,,,REVIEW,,only 10 points in the patch,1321.8500000000001,1322.18,10,365,4.897,0.8,0.88,0.1139,0.0061,0.9298,0.3661,0.57,0.0368,5.2172,0.5982,0.8327,364,-0.0617,False,0.6742,,6,0,6
Q6-0167,Q6_RANDOM,,,REVIEW,,no class has all its cues,1354.07,1357.31,34,559,18.04,0.3235,0.3641,0.2723,0.3636,0.5807,0.8138,2.0,0.3842,18.9084,0.8764,0.988,559,0.1126,False,99.0,,5,5,0
Q1-0168,Q1_TREE_ON_ROOF,,,REVIEW,,no class has all its cues,1355.19,1355.33,153,1309,7.0076,0.6601,0.9517,0.0216,0.0267,0.0929,0.9952,6.64,0.4029,9.52,0.5246,0.9529,954,-0.038,False,0.4669,,6,5,6
Q2-0168,Q2_BLDG_BACKGROUND,,,REVIEW,,no class has all its cues,1364.92,1364.51,44,1581,5.5366,0.0455,0.4619,0.1242,0.4139,0.6911,0.4126,1.83,0.2996,13.85,0.8619,0.9564,1577,0.037,True,3.4619,418.2993,6,5,0
Q3-0168,Q3_VEG_BACKGROUND,,,REVIEW,,no class has all its cues,1321.68,1321.94,34,363,0.9044,0.3529,0.4588,0.3424,0.1988,0.2681,0.9622,1.78,0.3429,2.366,0.217,0.1259,255,0.0096,False,7.2808,,4,0,0
Q5-0168,Q5_ROOF_CANDIDATE,,,REVIEW,,no class has all its cues,1331.5,1332.35,24,440,10.2675,0.625,0.7606,0.1499,0.0895,0.4354,0.719,1.6,0.2168,11.3122,0.8775,0.9733,440,-0.1,,,,6,5,6
Q6-0168,Q6_RANDOM,,,REVIEW,,only 5 points in the patch,1325.8870000000002,1326.0,5,343,4.573,1.0,0.97,0.0299,0.0,0.9337,0.003,0.08,0.0021,4.603,0.2932,0.8873,262,0.1692,False,0.7362,,6,0,6
Q1-0169,Q1_TREE_ON_ROOF,,,REVIEW,,no class has all its cues,1326.17,1326.17,18,361,2.3117,0.4444,0.712,0.2731,0.0149,0.9666,0.0795,0.43,0.0625,2.66,0.129,0.0625,215,-0.1574,False,2.9272,,6,5,6
Q2-0169,Q2_BLDG_BACKGROUND,,,REVIEW,,no class has all its cues,1330.8,1330.87,106,1294,2.0342,0.066,0.8914,0.0777,0.0309,0.1333,0.9836,4.04,0.2734,7.1214,0.5462,0.8751,900,-0.3321,True,0.4069,444.4534,6,0,0
Q3-0169,Q3_VEG_BACKGROUND,,,REVIEW,,no class has all its cues,1350.4445,1352.4,80,1630,2.887,0.0,0.3562,0.5816,0.0622,0.736,0.6748,1.82,0.1505,15.9623,0.8953,0.9854,1613,0.4331,False,4.0618,,4,0,0
Q5-0169,Q5_ROOF_CANDIDATE,,TREE,AUTO_CANDIDATE,,green (NAIP); canopy returns; points scattered in 3D; tall; outside footprints,1360.5,1361.49,100,1435,8.6836,0.67,0.4275,0.0165,0.5559,0.2203,0.944,1.96,0.4498,9.15,0.7408,0.9758,1435,0.4116,False,99.0,,5,5,0
Q6-0169,Q6_RANDOM,,TREE,AUTO_CANDIDATE,,green (NAIP); canopy returns; points scattered in 3D; tall; outside footprints,1353.91,1354.02,29,608,15.7624,1.0,0.5341,0.2904,0.1755,0.5348,0.7451,1.91,0.2945,18.4086,0.8887,0.9925,541,0.2772,False,99.0,,5,5,0
Q1-0170,Q1_TREE_ON_ROOF,,,REVIEW,,no class has all its cues,1343.57,1344.87,74,1445,4.5728,0.1892,0.2416,0.7529,0.0054,0.9215,0.0876,0.67,0.0382,14.836,0.8995,0.9723,1445,-0.0562,True,0.0567,384.25,6,5,6
Q2-0170,Q2_BLDG_BACKGROUND,,,REVIEW,,no class has all its cues,1329.8,1329.6,32,360,0.265,0.25,0.2955,0.5577,0.1468,0.3651,0.8809,1.47,0.2428,5.8682,0.5115,0.5637,170,0.146,,,,6,0,0
Q3-0170,Q3_VEG_BACKGROUND,,,REVIEW,,no class has all its cues,1331.3,1331.42,31,972,7.2048,1.0,0.5653,0.412,0.0228,0.0232,0.9942,1.83,0.1099,6.83,0.5204,0.3631,77,-0.056,False,9.8829,,5,0,0
Q5-0170,Q5_ROOF_CANDIDATE,,,REVIEW,,no class has all its cues,1330.3700000000001,1331.14,26,351,9.2523,0.3846,0.5962,0.3977,0.0061,0.9651,0.2395,0.49,0.0411,11.77,0.8615,0.9678,351,-0.0842,,,,6,5,6
Q6-0170,Q6_RANDOM,,,REVIEW,,no class has all its cues,1330.04,1329.84,28,632,13.61,0.7143,0.3427,0.3552,0.302,0.1911,0.937,2.0,0.3395,15.5052,0.852,0.9378,555,0.3317,,,,5,5,0
Q2-0171,Q2_BLDG_BACKGROUND,,,REVIEW,,no class has all its cues,1351.31,1352.54,147,1213,6.4478,0.0204,0.5842,0.3373,0.0784,0.6097,0.7906,2.19,0.2064,8.0,0.1687,0.5392,1127,-0.365,True,1.8572,119.4858,6,5,0
Q3-0171,Q3_VEG_BACKGROUND,,,REVIEW,,no class has all its cues,1331.24,1331.24,23,1000,8.0948,1.0,0.9326,0.0661,0.0013,0.0285,0.9995,5.38,0.0787,11.5402,0.4153,0.9779,99,-0.1121,False,99.0,,5,0,0
Q5-0171,Q5_ROOF_CANDIDATE,,,REVIEW,,no class has all its cues,1325.74,1325.84,35,375,2.7591,0.2,0.1338,0.8474,0.0188,0.9925,0.0531,0.37,0.0727,3.3852,0.5414,0.2526,167,-0.2434,False,0.9822,,5,0,6
Q6-0171,Q6_RANDOM,GROUND,,REVIEW,GROUND,"at ground height; a thin flat plane; no vegetation returns; outside footprints; a flat plane at ground height is a road, a lawn or bare earth and no cue here separates them (audit 1: 10 of 19 right)",1330.7,1330.85,151,1373,0.1872,0.0,0.189,0.8097,0.0012,0.9998,0.0178,0.1,0.0183,5.7,0.7588,0.9893,157,-0.1691,False,1.79,,3,0,0
Q2-0172,Q2_BLDG_BACKGROUND,,,REVIEW,,no class has all its cues,1337.24,1337.41,36,406,3.1919,0.1111,0.4702,0.2676,0.2622,0.6607,0.7488,1.59,0.3314,5.278,0.1302,0.5277,343,-0.0007,True,0.6616,345.0841,6,5,0
Q3-0172,Q3_VEG_BACKGROUND,,,REVIEW,,no class has all its cues,1358.73,1359.26,134,1284,2.1412,0.1194,0.3525,0.1648,0.4827,0.9211,0.3275,1.46,0.3831,2.95,0.0582,0.0343,1282,0.2309,False,99.0,,4,0,0
Q5-0172,Q5_ROOF_CANDIDATE,,,REVIEW,,no class has all its cues,1327.32,1327.99,30,439,4.816,0.5333,0.6484,0.1915,0.16,0.4192,0.8842,1.99,0.3145,6.04,0.5512,0.829,439,-0.0607,False,0.0452,,6,0,6
Q6-0172,Q6_RANDOM,,,REVIEW,,no class has all its cues,1323.09,1323.62,35,363,0.5457,0.0,0.1263,0.8732,0.0005,0.9998,0.0183,0.06,0.0113,3.4828,0.2215,0.409,363,0.2146,False,1.6246,,3,0,0
Q2-0173,Q2_BLDG_BACKGROUND,,,REVIEW,GROUND,"at ground height; a thin flat plane; no vegetation returns; outside footprints; a flat plane at ground height is a road, a lawn or bare earth and no cue here separates them (audit 1: 10 of 19 right)",1327.91,1328.02,18,375,0.1228,0.0,0.7551,0.2424,0.0025,0.9987,0.0386,0.17,0.0277,4.71,0.4494,0.5797,265,-0.1734,False,0.4394,,6,0,0
Q3-0173,Q3_VEG_BACKGROUND,,,REVIEW,,only 11 points in the patch,1333.06,1333.83,11,406,2.8482,1.0,0.9053,0.0736,0.0211,0.9733,0.2271,0.39,0.0716,4.25,0.0776,0.2051,406,-0.2333,False,99.0,,5,0,0
Q5-0173,Q5_ROOF_CANDIDATE,,,REVIEW,,no class has all its cues,1361.18,1361.51,12,318,5.3392,0.6667,0.9511,0.0468,0.0022,0.8171,0.4898,0.99,0.0269,5.7566,0.6299,0.8565,314,-0.3051,False,0.1413,,6,0,6
Q6-0173,Q6_RANDOM,GROUND,,REVIEW,GROUND,"at ground height; a thin flat plane; no vegetation returns; outside footprints; a flat plane at ground height is a road, a lawn or bare earth and no cue here separates them (audit 1: 10 of 19 right)",1338.6100000000001,1338.64,28,292,0.065,0.0,0.0446,0.9538,0.0017,0.9999,0.0137,0.07,0.0202,0.12,nan,nan,0,-0.2731,False,8.4405,,3,0,0
Q3-0174,Q3_VEG_BACKGROUND,,,REVIEW,,no class has all its cues,1351.14,1351.58,29,3385,2.3759,0.9655,0.7548,0.2312,0.0141,0.7885,0.1083,0.67,0.04,8.43,0.7064,0.9769,3364,0.2712,False,4.3475,,4,0,0
Q5-0174,Q5_ROOF_CANDIDATE,,,REVIEW,,no class has all its cues,1334.47,1334.94,42,509,6.6545,0.8333,0.3214,0.3521,0.3264,0.25,0.8805,1.88,0.346,8.29,0.6471,0.9048,509,0.0106,True,0.1389,444.5149,6,5,0
Q6-0174,Q6_RANDOM,,,REVIEW,,no class has all its cues,1333.84,1334.69,38,302,0.8845,0.0,0.0232,0.9753,0.0015,0.9999,0.0108,0.08,0.0197,0.94,0.0761,0.0018,302,-0.0698,False,99.0,,3,0,0
Q3-0175,Q3_VEG_BACKGROUND,,,REVIEW,,no class has all its cues,1332.54,1332.5,30,421,2.58,0.0667,0.0984,0.9011,0.0004,0.9997,0.0171,0.06,0.0104,3.206,0.2752,0.4253,208,-0.2971,False,2.8295,,5,0,0
Q5-0175,Q5_ROOF_CANDIDATE,,,REVIEW,,no class has all its cues,1330.31,1330.29,14,340,8.0486,0.8571,0.7636,0.222,0.0143,0.9954,0.0155,0.25,0.0581,8.8644,0.485,0.3508,137,0.3282,,,,6,0,6
Q6-0175,Q6_RANDOM,,BUILDING_ROOF,AUTO_CANDIDATE,,inside a surveyed footprint of house size; a thin flat plane; flat to gently sloped; above house-eave height; no vegetation returns; not green,1320.55,1320.68,44,346,3.9043,0.0,0.0576,0.9399,0.0025,0.985,0.1474,0.35,0.0258,4.351,0.0942,0.1583,346,-0.2698,True,3.251,207.5581,6,0,6
Q3-0176,Q3_VEG_BACKGROUND,,,REVIEW,,no class has all its cues,1327.6000000000001,1327.95,41,326,0.9502,0.2195,0.5013,0.2467,0.252,0.5999,0.7996,1.47,0.3269,3.39,0.2647,0.7013,283,0.0844,False,0.6979,,4,0,0
Q5-0176,Q5_ROOF_CANDIDATE,,,REVIEW,,no class has all its cues,1332.8700000000001,1333.29,31,352,10.7106,0.5806,0.7443,0.1415,0.1142,0.418,0.8464,1.87,0.2778,11.24,0.9024,0.9692,352,-0.048,True,1.5261,567.6018,6,0,6
Q6-0176,Q6_RANDOM,,,REVIEW,,no class has all its cues,1358.53,1358.78,93,1395,10.7224,0.6237,0.4305,0.1305,0.4391,0.8892,0.4397,1.96,0.3772,11.65,0.3883,0.8588,1342,0.1473,False,5.9262,,5,5,0
Q3-0177,Q3_VEG_BACKGROUND,,,REVIEW,,no class has all its cues,1323.69,1323.82,32,486,0.2622,0.0,0.4942,0.4117,0.0941,0.9664,0.223,0.78,0.1712,8.775,0.6671,0.9808,328,0.0352,False,7.0209,,4,0,0
Q5-0177,Q5_ROOF_CANDIDATE,,,REVIEW,,no class has all its cues,1330.33,1330.31,30,350,8.038,0.3,0.3752,0.5754,0.0494,0.927,0.257,0.88,0.1235,9.3302,0.8376,0.9055,204,-0.0112,True,0.4019,8446.3789,6,0,6
Q6-0177,Q6_RANDOM,,,REVIEW,,only 4 points in the patch,1334.3025,1334.67,4,445,5.23,1.0,0.7972,0.1983,0.0045,0.0992,0.9846,1.34,0.0366,7.9511,0.7522,0.9289,404,-0.1608,False,3.5566,,5,5,0
Q3-0178,Q3_VEG_BACKGROUND,,,REVIEW,,no class has all its cues,1330.1100000000001,1330.44,149,1437,3.1037,0.0872,0.4234,0.5504,0.0261,0.8307,0.5533,1.19,0.1032,6.4744,0.42,0.6888,1304,-0.0409,False,1.4808,,5,0,6
Q5-0178,Q5_ROOF_CANDIDATE,,,REVIEW,,no class has all its cues,1339.05,1339.42,19,322,8.1358,0.5263,0.4459,0.4864,0.0678,0.6113,0.4351,0.9,0.1426,8.4774,0.8504,0.9648,261,-0.0491,False,0.3426,,6,0,6
Q6-0178,Q6_RANDOM,,,REVIEW,,no class has all its cues,1356.76,1357.07,44,2567,17.7448,0.9091,0.5605,0.2883,0.1512,0.1809,0.9632,2.0,0.2747,18.16,0.8488,0.9864,2386,0.2332,False,4.6499,,5,5,0
Q3-0179,Q3_VEG_BACKGROUND,,,REVIEW,,no class has all its cues,1329.38,1329.49,26,857,0.4035,0.0,0.3597,0.4273,0.213,0.9881,0.0185,0.97,0.2458,16.2776,0.8727,0.9942,743,0.0097,False,7.4717,,4,0,0
Q5-0179,Q5_ROOF_CANDIDATE,,,REVIEW,,no class has all its cues,1332.19,1332.21,66,860,5.0235,0.4091,0.4956,0.1319,0.3726,0.7004,0.1921,1.75,0.3064,5.13,0.669,0.0082,432,-0.2286,False,0.0162,,6,0,6
Q6-0179,Q6_RANDOM,,,REVIEW,,no class has all its cues,1327.92,1328.66,35,316,0.7637,0.0,0.1172,0.8823,0.0005,1.0,0.0041,0.04,0.0108,1.281,0.0754,0.1498,316,0.435,False,4.3669,,3,0,0
Q3-0180,Q3_VEG_BACKGROUND,,,REVIEW,,no class has all its cues,1325.45,1325.54,41,409,2.1954,0.0244,0.2515,0.7481,0.0003,0.9976,0.0025,0.12,0.0097,4.1136,0.124,0.1851,358,-0.1399,True,1.021,86.1992,5,0,6
Q5-0180,Q5_ROOF_CANDIDATE,,,REVIEW,,no class has all its cues,1334.5,1334.57,20,348,8.3315,0.4,0.5701,0.4187,0.0112,0.9078,0.112,0.58,0.0558,9.7206,0.7722,0.9755,213,-0.1264,True,0.2664,1080.2198,6,0,6
Q6-0180,Q6_RANDOM,,,REVIEW,,no class has all its cues,1354.1100000000001,1354.47,112,1145,0.3891,0.0,0.1771,0.8224,0.0005,0.9997,0.0131,0.09,0.0118,0.45,0.2621,0.0016,1038,0.4108,False,99.0,,3,0,0
Q3-0181,Q3_VEG_BACKGROUND,,,REVIEW,,only 1 points in the patch,1363.3600000000001,1363.86,1,782,1.82,1.0,nan,nan,nan,nan,nan,nan,nan,3.9838,0.1873,0.2617,782,-0.2918,False,2.121,,4,0,0
Q5-0181,Q5_ROOF_CANDIDATE,,,REVIEW,,no class has all its cues,1335.5,1335.66,20,356,4.4265,0.35,0.1861,0.8064,0.0075,0.4737,0.8796,1.27,0.0462,5.1,0.631,0.7866,261,-0.277,False,0.3102,,6,5,6
Q6-0181,Q6_RANDOM,,,REVIEW,GROUND,"at ground height; a thin flat plane; no vegetation returns; outside footprints; a flat plane at ground height is a road, a lawn or bare earth and no cue here separates them (audit 1: 10 of 19 right)",1323.8700000000001,1324.12,39,358,0.2815,0.0,0.1504,0.8476,0.002,0.9988,0.0349,0.17,0.0237,6.3972,0.7112,0.8302,167,-0.2242,False,99.0,,3,0,0
Q3-0182,Q3_VEG_BACKGROUND,,,REVIEW,,no class has all its cues,1343.34,1344.45,54,861,2.8085,0.3148,0.6346,0.297,0.0684,0.9748,0.0084,1.2,0.1353,3.828,0.3754,0.7023,859,-0.0831,False,7.1686,,5,0,0
Q5-0182,Q5_ROOF_CANDIDATE,,,REVIEW,,no class has all its cues,1337.72,1334.83,32,357,10.4041,0.3125,0.4477,0.1721,0.3802,0.9519,0.1971,1.62,0.3388,10.71,0.659,0.9716,277,-0.0336,,,,6,0,6
Q6-0182,Q6_RANDOM,,,REVIEW,,no class has all its cues,1331.64,1332.41,22,404,2.125,0.4091,0.8041,0.1607,0.0352,0.0504,0.9986,1.98,0.1736,3.9394,0.4063,0.2969,344,-0.3227,False,6.3469,,3,0,0
Q6-0183,Q6_RANDOM,,,REVIEW,GROUND,"at ground height; a thin flat plane; no vegetation returns; outside footprints; a flat plane at ground height is a road, a lawn or bare earth and no cue here separates them (audit 1: 10 of 19 right)",1327.41,1327.47,32,317,0.0809,0.0,0.0525,0.9466,0.0009,0.9993,0.0355,0.09,0.0151,0.27,0.9848,0.0384,5,-0.0776,False,10.7768,,3,0,0
Q6-0184,Q6_RANDOM,,,REVIEW,GROUND,"at ground height; a thin flat plane; no vegetation returns; outside footprints; a flat plane at ground height is a road, a lawn or bare earth and no cue here separates them (audit 1: 10 of 19 right)",1331.0,1331.13,110,1106,0.1742,0.0,0.2987,0.7,0.0013,0.9998,0.0204,0.11,0.0187,0.25,nan,nan,0,-0.1439,False,99.0,,3,0,0
Q6-0185,Q6_RANDOM,,,REVIEW,,no class has all its cues,1323.63,1323.86,28,379,4.3196,0.4286,0.6464,0.2381,0.1155,0.4939,0.8598,1.99,0.2586,5.2888,0.517,0.771,363,-0.2095,True,0.2224,160.844,6,0,6
Q6-0186,Q6_RANDOM,,,REVIEW,,no class has all its cues,1321.53,1321.66,21,792,17.4505,0.9524,0.7197,0.241,0.0393,0.6626,0.7319,1.77,0.1328,19.2718,0.9227,0.9887,644,0.0605,False,1.7107,,5,5,0
Q6-0187,Q6_RANDOM,,,REVIEW,,no class has all its cues,1323.64,1323.74,35,371,0.1923,0.0571,0.2386,0.6084,0.153,0.9369,0.3494,1.38,0.2155,1.758,0.7611,0.5527,45,0.0104,False,99.0,,3,0,0
Q6-0188,Q6_RANDOM,,,REVIEW,,no class has all its cues,1325.94,1326.06,40,342,4.5208,0.2,0.3857,0.3801,0.2342,0.6534,0.7509,1.24,0.3132,5.51,0.071,0.0365,342,-0.0202,True,6.9294,1153.5889,6,0,6
Q6-0189,Q6_RANDOM,,,REVIEW,,no class has all its cues,1332.55,1332.69,46,376,3.3439,0.1957,0.1235,0.5013,0.3752,0.8377,0.3843,0.98,0.3276,4.505,0.1173,0.0334,373,-0.0371,True,2.8707,460.1125,6,0,6
Q6-0190,Q6_RANDOM,,,REVIEW,,no class has all its cues,1331.67,1331.66,20,327,5.3925,0.45,0.6353,0.3627,0.002,0.9594,0.0193,0.31,0.0234,6.3592,0.761,0.887,232,-0.0681,,,,6,0,6
Q6-0191,Q6_RANDOM,,,REVIEW,,no class has all its cues,1331.1200000000001,1331.29,30,314,2.6933,0.0,0.1499,0.8496,0.0005,0.9994,0.0335,0.08,0.0122,2.76,0.2931,0.0011,253,-0.0195,True,1.5594,159.4498,6,0,6
Q6-0192,Q6_RANDOM,,,REVIEW,,no class has all its cues,1339.1200000000001,1340.05,132,1223,0.947,0.0,0.1625,0.8365,0.001,0.9964,0.0463,0.21,0.0167,9.4024,0.4805,0.807,1223,-0.0904,False,99.0,,3,0,0
Q6-0193,Q6_RANDOM,,BUILDING_ROOF,AUTO_CANDIDATE,,inside a surveyed footprint of house size; a thin flat plane; flat to gently sloped; above house-eave height; no vegetation returns; not green,1355.33,1355.39,106,973,8.9567,0.0,0.0652,0.934,0.0009,0.9997,0.0226,0.1,0.0152,9.03,0.0277,0.0214,973,-0.1242,True,7.5089,4086.0684,6,0,6
